,2021-07-04 00:15:01.674849,2021-07-04 00:45:06.545658,2021-07-04 01:15:02.766901,2021-07-04 01:45:06.645034,2021-07-04 02:15:02.019639,2021-07-04 02:45:07.055307,2021-07-04 03:15:03.144401,2021-07-04 03:45:05.904609,2021-07-04 04:15:07.020220,2021-07-04 04:45:06.283475,2021-07-04 05:15:03.096932,2021-07-04 05:45:05.958316,2021-07-04 06:15:03.534617
/article/-britain-s-dreyfus-affair-a-very-nasty-village-scandal,1.0,,,,,,,,,,,,
/article/-google-racism-kamau-bobb-antisemitism,1.0,,,,1.0,,,,,,,,
/article/-hitler-was-right-journalist-leaves-bbc,,,,,,,,,1.0,,,,
/article/-i-m-not-interested-in-moral-purity-st-vincent-interviewed,,,,,1.0,,,,,1.0,,,
/article/-racist-buses-snp-msp-in-fresh-rangers-storm,60.0,61.0,39.0,28.0,43.0,25.0,34.0,26.0,31.0,21.0,26.0,27.0,30.0
/article/-there-is-no-alternative-why-boris-will-keep-winning,,,,,,,,,,,,1.0,
/article/10-films-about-space,2.0,6.0,1.0,,,1.0,,,2.0,1.0,2.0,1.0,3.0
/article/10-films-about-the-upper-classes,,1.0,,,,,,,,,,,
/article/10-films-to-get-you-in-the-mood-for-kick-off,319.0,271.0,225.0,141.0,160.0,120.0,126.0,130.0,108.0,108.0,127.0,130.0,150.0
/article/2510-prom-session---solution,,,,,,,,,,,2.0,1.0,
/article/2513-golden-anniversary,,,,,,,,,,,2.0,1.0,
/article/75-years-on-the-vespa-is-still-going-strong,,1.0,,,,,,,,,,,
/article/8-crime-mini-series-to-watch-this-weekend,,1.0,,,,,,,,,,,1.0
/article/Boris-Johnson-has-defied-the-pro-lockdown-groupthink,,,,,,,,,,,,1.0,
/article/How-did-Sage-get-it-so-wrong,3.0,4.0,,2.0,3.0,1.0,,,,,1.0,1.0,1.0
/article/In-defence-of-Naomi-Osaka,,,,,,,,,,,,2.0,
"/article/Scots,-not-Boris-Johnson,-are-blocking-indyref2",,,,,,,,,,,1.0,,
/article/Taking-the-knee-isn-t-the-best-way-of-showing-black-lives-matter,,,,,,1.0,,,,,,,
/article/The--clean-meat--revolution-is-coming,,1.0,,,,,,,,,1.0,,1.0
/article/a-beginner-s-guide-to-investing-for-a-house-deposit,,,,,,,1.0,,,,,,
/article/a-breath-of-fresh-airwaves,1.0,1.0,1.0,,,,,,4.0,1.0,2.0,,
/article/a-brief-history-of-lived-experience-,,,,1.0,,,,,,,,,
/article/a-campus-novel-with-a-difference-the-netanyahus-by-joshua-cohen-reviewed,,1.0,,,,,,,,,,,
/article/a-careful-parody-noble-rot-soho-reviewed,,1.0,1.0,,,1.0,,,1.0,,,,
/article/a-cautious-cuddle-no-thanks-boris,,,,,,,,,,,1.0,,
/article/a-celebration-of-friendship-common-ground-by-naomi-ishiguro-reviewed,,3.0,,,,,,,,,,,
/article/a-complete-history-of-galloway-s-electoral-defeats,37.0,18.0,19.0,16.0,17.0,6.0,11.0,5.0,7.0,7.0,18.0,13.0,12.0
/article/a-culture-of-fear-has-taken-over-at-edinburgh-university,1.0,,,,,,1.0,,,,,,
/article/a-danubian-narnia-nostalgia-by-mircea-cartarescu-reviewed,,3.0,,,,,,,,,1.0,,
/article/a-dialogue-concerning-modern-feminism,,,,,,,,,,,,,1.0
/article/a-divided-city-the-big-three-fall-out-in-post-war-berlin,,2.0,1.0,1.0,,,1.0,,1.0,,1.0,,1.0
/article/a-draining-experience-insignificance-by-james-clammer-reviewed,,3.0,,,,,,,,,1.0,,
/article/a-family-affair-who-s-who-in-the-g7-entourage,,,,,,,,,,,1.0,,
/article/a-fresh-start-delicious-twists-to-put-on-breakfast,,1.0,,,,1.0,,,,,,,
/article/a-funny-time-to-be-irish-the-rules-of-revelation-by-lisa-mcinerney-reviewed,,1.0,,,,,,,,,,,
/article/a-home-counties-rebellion-is-brewing,,1.0,,,,,,1.0,,,,,1.0
/article/a-hymn-to-the-hummingbird-one-of-the-most-astonishing-organisms-on-earth,1.0,2.0,1.0,1.0,,,1.0,,,,1.0,,1.0
/article/a-lesson-in-understanding-serial-killers-and-child-molesters,2.0,4.0,3.0,2.0,,,4.0,,,,1.0,3.0,
/article/a-literary-critical-analysis-of-abbas-waterloo,,,,,,,,,,,,1.0,
/article/a-load-of-oddballs-the-eccentricities-of-past-cricketing-heroes,1.0,2.0,3.0,2.0,,,2.0,,2.0,,1.0,,1.0
/article/a-meditation-on-everyday-life-early-morning-riser-by-katherine-heiny-reviewed,,1.0,,,,,,,,,,,
/article/a-mighty-contest-from-trivial-things-the-quarrel-between-alexander-pope-and-edmund-curll,,3.0,,,,,,,,,1.0,,
/article/a-new-blossoming-david-hockney-paints-normandy,,1.0,,,1.0,,,,,,,,
/article/a-new-concerto-draws-cheers-in-liverpool-rlpo-hindoyan-reviewed,,,2.0,,2.0,,,,1.0,,3.0,,
/article/a-new-recording-throws-fresh-light-on-mahlers-puzzling-tenth-symphony,,1.0,1.0,,2.0,,3.0,,1.0,2.0,1.0,,
/article/a-new-take-on-new-zealand-wine,5.0,,3.0,1.0,,1.0,3.0,,,2.0,3.0,2.0,1.0
/article/a-nicer-side-of-nero,,1.0,1.0,,,,,,5.0,1.0,1.0,,
/article/a-novel-approach-to-new-zealands-wine,2.0,4.0,,2.0,,1.0,,,,1.0,,1.0,1.0
/article/a-pawn-in-the-great-game-the-sad-story-of-charles-masson,,1.0,,,,,1.0,,,,,,
/article/a-perfect-welcome-back-to-live-music-sarathy-korwar-at-kings-place-reviewed,,,,,1.0,,,,,2.0,1.0,,
/article/a-plea-from-a-pollster-stop-listening-to-the-public,1.0,3.0,,1.0,1.0,,1.0,1.0,1.0,,,1.0,1.0
/article/a-politician-s-guide-to-non-denial-denials,1.0,,1.0,2.0,,,,,,,,,1.0
/article/a-quiet-place-2-cinema-s-tensest-moments,1.0,,,,,1.0,,,1.0,,,1.0,
/article/a-redemption-song-conventionally-sung-sky-s-tina-reviewed,,,,,1.0,,,,,,,,
/article/a-second-home-in-cornwall-is-nothing-to-be-proud-of,,,,1.0,,,1.0,,,1.0,,,
/article/a-shakespeare-play-at-the-globe-whose-best-features-have-nothing-to-do-with-shakespeare,,,,,,,,,,,1.0,,
/article/a-study-in-vulnerability-the-coming-bad-days-by-sarah-bernstein-reviewed,,1.0,,,,,,,,,,,
/article/a-taste-inquisition-on-stink-street,,,,,3.0,,,,,1.0,,,
/article/a-tender-portrait-of-leonora-carrington-painter-writer-and-a-mother-who-was-not-always-there,2.0,2.0,2.0,2.0,1.0,,1.0,,,,1.0,,1.0
/article/a-tv-doc-that-is-truly-brave-bbc1-s-ian-wright-home-truths-reviewed,1.0,,,,,,,,,,,,
/article/a-vote-for-the-snp-would-mean-another-wasted-decade-in-scotland,,,,,1.0,,,,,,,,
/article/a-whale-of-a-time-with-albrecht-d-rer,,4.0,,,,,,,,,,,
/article/a-window-on-a-fascinatingly-weird-place-some-kind-of-heaven-reviewed,,1.0,,,,,,,,,1.0,,
/article/a-written-constitution-is-no-defence-against-authoritarian-government,,3.0,,,,,,,,,,,
/article/after-the-pandemic-how-we-can-rebuild-ourselves-and-the-world,1.0,,,,,,,,1.0,,,,1.0
/article/air-travel-is-in-terminal-danger,,,1.0,,,,,,1.0,1.0,1.0,,
/article/alan-duncan-rants-about-idiot-parliamentary-colleagues-and-britain-s-waning-influence,,1.0,,,,,,,,,,,
/article/alexei-navalny-s-big-gamble,,,,,,,,1.0,,,,,
/article/all-s-well-that-ends-well-tv-s-most-satisfying-finales,,1.0,,,,,,,,,,,
/article/am-i-really-paying-3000-pounds-for-six-days-in-wales,,,,,,,1.0,,,,,,
/article/america-isnt-speaking-our-language,,,,,,,,,1.0,1.0,,1.0,
/article/an-impossible-guest-second-place-by-rachel-cusk-reviewed,,2.0,,,,,,,,,1.0,,
/article/an-independent-observer-whereabouts-by-jhumpa-lahiri-reviewed,,1.0,,,,,,,,,,,
/article/an-orange-or-an-egg-determining-the-shape-of-the-world,,3.0,,,,,1.0,,,,1.0,,
/article/an-unrewarding-slog-thomas-vinterbergs-another-round-reviewed,421.0,331.0,261.0,179.0,201.0,147.0,161.0,147.0,130.0,124.0,151.0,177.0,194.0
/article/an-unsuitable-attachment-to-nazism-barbara-pym-in-the-1930s,,5.0,,,,,,,1.0,,,,
/article/and-then-there-were-five-the-high-house-by-jessie-greengrass-reviewed,,3.0,,,,,,,,,1.0,,
/article/andy-burnham-turns-the-tables-on-nicola-sturgeon,,,,,,,,,2.0,,,,
/article/andy-haldane-s-inflation-warning,,,,,,,,1.0,,,,,
/article/angelas-ashes-merkel-is-leaving-the-eu-in-chaos,45.0,60.0,31.0,14.0,32.0,26.0,33.0,20.0,27.0,19.0,19.0,21.0,25.0
/article/animal-sentience-law-has-finally-caught-up-with-plutarchs-thinking,,,,,,,,,,1.0,,,
/article/annoying-but-good-black-midis-cavalcade-reviewed,1.0,,2.0,,2.0,,1.0,,,1.0,2.0,,
/article/anthony-hopkinss-portrayal-of-dementia-will-undo-you-the-father-reviewed,,1.0,1.0,,,,,,,,,,1.0
/article/anti-semitism-and-the-far-left,,3.0,,,,,,,,,,,
/article/apostle-of-modernism-clive-bell-s-reputation-repaired,,1.0,1.0,,,,,,,,,,
/article/apple-s-new-series-damn-near-cost-me-my-marriage-calls-reviewed,,,,,,,,,1.0,,,,
/article/apples-cowardly-surrender-to-the-mob,4.0,2.0,,2.0,1.0,,1.0,1.0,,1.0,,,2.0
/article/are-controversial-stickers-really-a-matter-for-the-police-,,2.0,,,,,,,,,,,2.0
/article/are-england-fans-allowed-to-be-proud-of-the-st-george-s-cross-,1.0,,2.0,,1.0,1.0,,,,,1.0,,
/article/are-hancock-s-health-reforms-doomed-from-the-start-,,1.0,,,,,,1.0,,,,,1.0
/article/are-mozart-s-forgotten-contemporaries-worth-reviving-,,,,,1.0,,,,,,,,
/article/are-pcr-tests-the-best-way-to-track-covid-,,,,,,,,,1.0,,,,
/article/are-wall-streets-spacs-about-to-make-waves-in-the-city,,,,,,,,,1.0,,,,
/article/are-we-entering-a-new-era-of-fractured-trade,,,,,,,,,1.0,,,,
/article/are-we-heading-for-another-winter-lockdown-,130.0,107.0,79.0,50.0,67.0,42.0,37.0,43.0,37.0,49.0,98.0,95.0,60.0
/article/are-we-overusing-overhaul,,,,,1.0,,,,,,,,
/article/arthur-bryant-monstrous-chronicler-of-merrie-england,,2.0,,,,,1.0,,,,1.0,,
/article/astonishing-relentlessly-pleasurable-rediscoveryâ€“tantric-opera-luigi-rossi-s-Il-palazzo-incantato-reviewed,,,,,,,,,1.0,,,,
/article/at-last-some-genuine-gala-material-royal-ballets-balanchine-and-robbins-reviewed,,,2.0,,,,,,1.0,,1.0,,
/article/audiences-don-t-want-woke-comic-book-writer-mark-millar-interviewed,2.0,1.0,,,,,,,1.0,,,,
/article/austria-s-islam-map-is-dangerous,,,,,,,,,,1.0,,,
/article/back-in-the-magic-land-of-narnia,,1.0,,,,,,,,,,,
/article/back-to-the-future-bentleys-oyster-bar-and-grill-reviewed,,,,,,,,,1.0,,,,
/article/bad-food-is-back-the-roof-garden-at-pantechnicon-reviewed,,1.0,,,,,1.0,,,,,,
/article/bad-news-boris-childcare-has-cost-me-500000-and-counting,,,,1.0,,,1.0,,,1.0,,,1.0
/article/barristers-should-stay-out-of-the-israeli-palestine-conflict,,,,,1.0,,,,,,,,
/article/batley-grammar-and-the-triumph-of-the-mob,,,,,,,,,,,1.0,,
/article/bbc-four-and-the-dumbing-down-of-british-television,,,,,,,,,1.0,,,,
/article/beijing-s-battle-to-crush-hong-kong-s-final-freedoms,,,,,,,,,,,,,1.0
/article/beware-boris-s-sinister-crackdown-on-free-speech,,1.0,,,,,,1.0,1.0,,,,1.0
/article/beware-the-woke-misogynist,,1.0,,,,,,,,,,,
/article/beyond-parasite-the-genius-of-bong-joon-ho,,,,,,,,,1.0,,,,
/article/biden-and-putin-have-left-britain-out-in-the-cold,,,,,,,,,,,1.0,,
/article/biden-doesn-t-understand-northern-ireland,,,,,,,,,1.0,,,,
/article/biden-s-tax-plan-spells-bad-news-for-ireland,,,,,,,,,1.0,,,,
/article/big-tech-is-turning-into-big-brother,1.0,,1.0,,,,,,,,,,
/article/billy-wilder-the-making-of-a-great-film-director,,2.0,1.0,1.0,,,1.0,,,,1.0,1.0,1.0
/article/bird-brained-brood-by-jackie-polzin-reviewed,,2.0,,,,,,,,,,,
/article/bird-migration-is-no-longer-a-mystery-but-it-will-always-seem-a-miracle,,,1.0,,,,,,,,,,
/article/birtism-not-martin-bashir-is-to-blame-for-the-decline-of-the-bbc,,,,,,,,,1.0,,,,
/article/black-african-lives-should-matter-too,,1.0,1.0,,,,,,,,,,
/article/blindness-and-betrayal-still-bedevil-britain-s-policy-in-ireland,,1.0,,,,,,,,,,,
/article/blissfully-colourful-fun-and-basic-in-the-heights-reviewed,,1.0,2.0,,,,,,1.0,,2.0,1.0,1.0
/article/blood-on-the-tracks-the-unsolved-murder-of-the-japanese-railway-chief,2.0,2.0,2.0,2.0,1.0,,1.0,,,,1.0,,1.0
/article/bob-dylan-from-respected-young-songwriter-to-voice-of-a-generation,1.0,3.0,,,,,1.0,,,,,,
/article/bob-dylan-s-most-iconic-performances,,,,,,,,,4.0,,,,
/article/boris-biden-and-the-orange-elephant-in-the-room,,1.0,,,,1.0,3.0,2.0,,1.0,,1.0,
/article/boris-bids-to-reset-anglo-german-relations,187.0,151.0,112.0,75.0,94.0,83.0,68.0,72.0,55.0,66.0,76.0,88.0,84.0
/article/boris-changes-his-tune-on-hancock,1.0,3.0,1.0,,,,,1.0,,1.0,,,2.0
/article/boris-is-in-danger-of-becoming-britain-s-fran-ois-hollande,3.0,4.0,,1.0,1.0,1.0,,2.0,,1.0,2.0,,2.0
/article/boris-johnson-has-always-been-a-penny-pincher,,,,,,1.0,,,2.0,,,,3.0
/article/boris-johnson-s-football-furnishings,2.0,1.0,1.0,,2.0,,,1.0,,,1.0,2.0,1.0
/article/boris-johnson-s-northern-ireland-problem,,,,,,1.0,,,,,,,
/article/boris-johnson-s-refusal-to-talk-about-faith,1.0,1.0,,,,,,,,,,,
/article/boris-must-face-the-truth-about-the-triple-lock-pensions-promise,1.0,5.0,2.0,1.0,1.0,1.0,,3.0,,,,1.0,2.0
/article/boris-on-liberty-the-pm-has-always-been-against-id-cards-until-now,,,1.0,,,,,,,,,,
/article/boris-s-brexit-battle-isn-t-over-yet,2.0,4.0,3.0,,,,,1.0,1.0,1.0,,,1.0
/article/boris-s-junk-food-crusade-is-absurd,,2.0,,1.0,,,,3.0,,,,,1.0
/article/boris-s-levelling-up-risks-leaving-behind-london,1.0,,,,,,,,,,,,
/article/boris-s-media-critics-are-missing-the-real-story,1.0,,,,1.0,,,,,,,,
/article/boris-should-be-worried-about-steve-baker-not-dominic-cummings,,,,,,,1.0,,,,,,
/article/boris-shouldn-t-write-off-fossil-fuels-just-yet,1.0,,,,1.0,1.0,2.0,,,1.0,,,
/article/boris-the-unserious,,,,,,,,,,,,1.0,
/article/bourbon-biscuits-are-better-home-made,,,,,,1.0,,,,,,1.0,
/article/brave-new-virtual-world-the-startup-wife-by-tahmima-anam-reviewed,,3.0,,,,,,,,,1.0,,
/article/brexit-lockdown-and-the-worrying-fracturing-of-british-politics,,,1.0,,,,,,,,,,
/article/bricks-and-pieces-the-blight-of-londons-fake-facades,,,,,,,,,1.0,,,,
/article/bright-and-beautiful-double-blind-by-edward-st-aubyn-reviewed,,,1.0,,,,,,,,,,
/article/brightest-of-the-bright-young-people-the-rich-rackety-life-of-cecil-beaton,,3.0,,,,,1.0,,,,1.0,,1.0
/article/bring-me-sunshine---8-novels-about-heatwaves,,,,,,,,,,,1.0,,
/article/britain-is-ill-equipped-for-the-post-covid-education-recovery,36.0,20.0,19.0,19.0,20.0,7.0,11.0,7.0,5.0,8.0,13.0,9.0,16.0
/article/britain-is-in-danger-of-repeating-its-post-war-mistakes,,,,,,,,,,,,,1.0
/article/britain-must-investigate-its-Islamist-dawa-networks,1.0,,,,,,,,,,,,
/article/britain-must-take-china-to-task-for-its-brutal-uyghur-abuse,,,,,,1.0,,,,,,,
/article/britain-s-best-sculpture-parks,1.0,,,,,,,,,,,,
/article/britain-s-golden-diplomatic-opportunity,,,,1.0,,,,,,,,,
/article/british-broadcast-news-has-gone-badly-wrong,,,,,,,,,,,1.0,,
/article/british-universities-aren-t-institutionally-racist,,,,,,,,,,,1.0,,
/article/broken-trust-the-crisis-at-the-heart-of-the-national-trust,,1.0,,,,,4.0,,,,,,
/article/brussels-has-launched-a-full-federalist-assault,,,,,2.0,,,,,,,,
/article/bucolic-farmhouses-for-sale-to-rival-clarkson-s-farm,,,,,,,1.0,,,,,,
/article/bugsy-siegel-the-gangster-straight-out-of-a-hollywood-movie,,3.0,2.0,,,,,,,,,,1.0
/article/burnham-s-misjudged-attack-on-the-judiciary,,,,,1.0,,,,,,,,
/article/bye-bye-bibi-the-millionaire-poised-to-be-israels-next-prime-minister,,,,,,,,1.0,,,,,
/article/cairo-in-crisis-the-republic-of-false-truths-by-alaa-al-aswany-reviewed,,1.0,,,,,,,,,,,
/article/caitlyn-jenner-is-right-about-transgender-athletes-and-women-s-sports,,2.0,,,,,,,,,,1.0,1.0
/article/cake-expectations-afternoon-tea-has-gone-ott,40.0,56.0,29.0,16.0,35.0,21.0,25.0,20.0,28.0,20.0,23.0,21.0,27.0
/article/cambridge-deserves-better-than-stephen-toope,6.0,4.0,1.0,4.0,1.0,,1.0,,,,,1.0,1.0
/article/camp-am-dram-plus-stuff-about-the-patriarchy-channel-5s-anne-boleyn-reviewed,,,,,,,,,,,2.0,,
/article/can-boris-deliver-on-his-promises-to-the-red-wall-,,,,,,,,,1.0,,,,
/article/can-boris-sustain-his-royal-silence-,,,1.0,,,,,,,,,,
/article/can-gb-news-live-up-to-the-hype-,,,,,,,,,2.0,,,,
/article/can-in-the-heights-compete-with-these-classic-film-musicals-,,,,,,,,,,,1.0,,
/article/can-javid-beat-the-blob-at-the-department-of-health-,,1.0,,,1.0,,1.0,1.0,,,,,1.0
/article/can-jeffrey-donaldson-halt-the-dup-s-civil-war-,,,,,,,,,,,,,1.0
/article/can-john-lewis-and-waitrose-really-remain-partners,,,,,,,,,1.0,,,,
/article/can-labour-continue-to-survive-its-culture-war-,33.0,19.0,16.0,17.0,17.0,6.0,13.0,6.0,8.0,5.0,14.0,11.0,15.0
/article/can-melinda-still-keep-bill-gates-in-check,,,,,,,,,1.0,,,,
/article/can-pop-music-steer-england-to-victory-,,,1.0,2.0,,,1.0,,1.0,,,,1.0
/article/can-somerset-gazump-the-cotswolds-,,,,,,,1.0,,,,,,
/article/can-starmer-escape-his-wooden-image-,1.0,,1.0,2.0,2.0,,,,,,,,
/article/can-the-eu-save-italy-,,3.0,2.0,1.0,3.0,,2.0,1.0,2.0,,1.0,2.0,
/article/can-the-next-bicester-village-take-off-without-tourists,,,,,,,,,1.0,,,,
/article/can-the-porsche-taycan-convince-me-to-go-electric-,1.0,,,,,,,,,,,,
/article/can-the-tory-electoral-coalition-hold-after-chesham-and-amersham-,,,,,,,,,,,1.0,,
/article/can-vr-help-to-sell-art-to-kids-,,,,,,,1.0,1.0,3.0,,,,
/article/can-we-stop-migrants-crossing-the-channel-,31.0,10.0,12.0,16.0,16.0,4.0,10.0,7.0,3.0,4.0,11.0,14.0,11.0
/article/canada-s-disturbing-pattern-of-anti-muslim-attacks,,,,2.0,3.0,,,2.0,,,,,1.0
/article/carrie-symonds-and-the-first-girlfriend-problem,1.0,1.0,,1.0,1.0,,,,,,,,
/article/cashing-in-on-covid-the-traders-who-thrive-on-a-crisis,,,1.0,,,,,,,,,,
/article/celebrating-jesus-s-female-followers-names-of-the-women-by-jeet-thayil-reviewed,,2.0,2.0,,,,,,,,,,
/article/ceramic-art-has-been-undervalued-for-too-long,,4.0,2.0,,,,,,,,,,
/article/charging-ahead-how-to-get-the-best-out-of-an-electric-car,,3.0,2.0,1.0,,,1.0,5.0,5.0,5.0,,3.0,
/article/children-will-love-it-alas-peter-rabbit-2-reviewed,,1.0,,,,,,,,,,,1.0
/article/china-is-not-as-strong-as-it-appears,,,,,,,,1.0,,1.0,,1.0,1.0
/article/cinnamon-buns-a-true-treat-for-the-breakfast-table,,,,,,,,,,,,1.0,
/article/classic-children-s-books,,,,,,,,,,,,,1.0
/article/claudia-winkleman-s-new-radio-2-show-gets-off-to-a-brainless-start,,,,,,,,,1.0,,,,
/article/comedy-gold-the-economics-of-internet-irony,,,,,1.0,,,,,,,,
/article/corbyn-a-deity-has-fallen,,2.0,,,,,,1.0,,,,,1.0
/article/covid-and-the-difficulty-with-following-the-science-,,,,,,,,,1.0,,,,
/article/covid-deaths-in-context,,,,,,,,,1.0,,,,
/article/covid-has-been-great-for-drawing,,,2.0,,,,,,1.0,,2.0,,
/article/covid-has-warped-our-collective-attitude-to-death,,1.0,,1.0,1.0,,,,1.0,,,1.0,
/article/covid-restrictions-are-taking-a-terrible-toll-on-our-schoolchildren,,,,,,,1.0,,,,,1.0,2.0
/article/covid-sufferers-aren-t-the-only-victims-of-the-pandemic,,,,,,,,,1.0,,,,
/article/crank-genius-or-son-of-frankenstein-,1.0,3.0,3.0,2.0,1.0,,1.0,,,,1.0,,1.0
/article/critical-issue-the-complex-language-of-gender,,,,,1.0,,1.0,,,,,,
/article/critical-thinking-the-difference-between-critique-and-criticise,1.0,,,,1.0,,1.0,,,,,,
/article/crunch-time-why-has-walkers-changed-its-salt-and-vinegar-crisps,,1.0,,,,,,1.0,,,,1.0,
/article/crypto-is-a-virtual-vegas-whose-towers-must-fall,,,,,,,,,1.0,,,,
/article/crystal-pite-tore-the-house-down-royal-operas-21st-century-choreographers-reviewed,,,,,,,,,,,1.0,,
/article/cummings-savages-the-saj,1.0,1.0,,,1.0,1.0,,1.0,,,,,1.0
/article/dark-days-for-britain-london-burning-by-anthony-quinn-reviewed,,3.0,,,,,,,,,,,
/article/dear-mary-how-can-i-stop-my-sister-in-law-pinching-food-off-my-plate,,,,,,,,,,1.0,,,
/article/dear-mary-how-do-I-tell-my-neighbour-shes-let-herself-go-in-lockdown,,,,,,,,,,1.0,,,
/article/dear-mary-how-do-we-stop-our-friends-dogs-wrecking-our-house,,,,,1.0,,,,,,,,
/article/dear-mary-what-is-the-etiquette-around-gifts-for-virtual-weddings,,,,,,,,,,1.0,,,
/article/dear-mary-when-is-it-acceptable-to-make-a-french-exit,,1.0,,1.0,1.0,,2.0,,1.0,1.0,2.0,,
/article/delay-data-and-the-need-for-transparency,1.0,,,,1.0,,,,,,,1.0,
/article/demi-lovato-makes-taylor-swift-resemble-dostoevsky,,,,,1.0,,,,,,,,
/article/despotic-laws-can-even-should-be-ignored-says-jonathan-sumption,,1.0,,,,,,,,,,,
/article/devil-of-a-job-the-curious-occupations-recorded-in-the-census,1.0,,,,,,,,,,,,
/article/did-hancock-resign-to-put-his-family-first-,,2.0,,,1.0,,,1.0,,,,,1.0
/article/did-liz-trus-snub-justin-welby-,,,,,,,,,,,,,1.0
/article/did-nhs-discharges-seed-covid-into-care-homes-a-look-at-the-data,,,,,,,,,,,,1.0,
/article/did-the-snp-cover-up-a-cancer-crisis-,65.0,68.0,34.0,29.0,42.0,29.0,34.0,26.0,31.0,23.0,31.0,27.0,29.0
/article/disabled-men-don-t-have-a-right-to-use-prostitutes,1.0,,,,,,,,,,,,
/article/do-spelling-and-grammar-still-matter,,,,,,,,,,,,1.0,
/article/do-theatres-actually-read-scripts-before-agreeing-to-stage-them-,1.0,,,,,,,,,,,,
/article/do-you-speak-viking,,,,,,,,,,,1.0,,
/article/does-it-matter-if-priti-patel-drops-her-gs,,1.0,,2.0,2.0,,3.0,,1.0,,2.0,,
/article/does-the-data-justify-a-delay-to-lifting-lockdown-,,,,,,,,,1.0,,,,
/article/does-the-indian-variant-increase-the-risk-of-hospitalisation-,,,,,,,,,1.0,,,,
/article/does-this-snp-politician-think-buses-are-racist-,2.0,,,,1.0,,,,,,,,
/article/dominic-cummings-bismarck-complex,,,,1.0,,,,,,,,1.0,
/article/dominic-cummings-explosive-claim-about-the-bank-of-england,,1.0,,,1.0,,,2.0,,,,1.0,
/article/don-t-be-fooled-by-victoria-s-secret-s-feminist-rebrand,,2.0,,,,,,2.0,,,,,1.0
/article/don-t-blame-white-privilege-for-the-plight-of-working-class-kids,,1.0,,,,,,1.0,,,,,1.0
/article/don-t-compare-israel-to-hamas,,,,,1.0,,,,,,,,
/article/don-t-panic-mothers-says-eliane-glaser,1.0,1.0,,,,,,,,,,,
/article/dont-pity-me-for-living-in-london,,1.0,,,,,,,2.0,,2.0,,
/article/drakeford-draws-up-his-battle-lines-on-the-union,2.0,1.0,1.0,,1.0,,,1.0,,,,,1.0
/article/ed-miliband-s-brexit-embrace-isn-t-fooling-anyone,,1.0,,,,,,,,,,,
/article/education-not-class-is-britain-s-real-political-divide,,,,,,,,,1.0,,,,
/article/edward-said-a-lonely-prophet-of-doom,,,1.0,,,,,,,,,,
/article/edwin-poots-departure-is-a-sign-of-the-chaos-engulfing-the-dup,,,,,,,,,,,1.0,,
/article/eggs-benedict,,,,,,,,,,,,1.0,
/article/eliminate-the-positive-come-join-our-disease-by-sam-byers-reviewed,,1.0,,,,,,,,,,,
/article/emmanuel-macron-steps-up-his-war-on-identity-politics,703.0,384.0,302.0,430.0,472.0,173.0,233.0,251.0,253.0,155.0,245.0,178.0,255.0
/article/enjoyable-in-spite-of-the-nationals-best-efforts-under-milk-wood-reviewed,,1.0,1.0,,,,,,2.0,1.0,3.0,,3.0
/article/escape-from-reality-how-to-survive-everything-by-ewan-morrison-reviewed,,3.0,2.0,,,,,,,,,,
/article/euro-2020-and-the-search-for-a-new-englishness,1.0,1.0,,,1.0,,1.0,,1.0,,,,
/article/euro-2020-another-night-of-terror-beckons,1222.0,1006.0,687.0,601.0,391.0,346.0,475.0,280.0,274.0,341.0,340.0,367.0,406.0
/article/euro-2020-england-shouldn-t-get-too-excited,1.0,1.0,1.0,,,1.0,,,,1.0,2.0,1.0,2.0
/article/euro-2020-i-love-raheem-sterling,4.0,6.0,6.0,1.0,1.0,1.0,3.0,2.0,,4.0,3.0,3.0,3.0
/article/euro-2020-wales-out-pluckied-by-denmark,3.0,3.0,,1.0,1.0,2.0,,1.0,,1.0,3.0,1.0,2.0
/article/euro-2020-why-england-always-loses,1.0,1.0,1.0,,,1.0,,,,1.0,2.0,,1.0
/article/euro-2020-why-i-hate-var,4.0,6.0,2.0,3.0,1.0,2.0,,2.0,,4.0,4.0,2.0,3.0
/article/europe-s-vaccine-delays-could-come-back-to-bite-britain,,,,,,,1.0,,,,,,
/article/euros-2020-russia-faces-down-the-plucky-finns,1.0,1.0,2.0,,,,,,,,2.0,,
/article/euros-2020-the-joy-of-dutch-names,1.0,2.0,1.0,,,,,,,1.0,2.0,,
/article/euros-2020-why-can-t-we-have-a-british-football-team-,,,,,,,1.0,,,,,,
/article/euros-2021-can-scotland-beat-england-,,,,,,,,,1.0,1.0,,,
/article/euros-2021-england-are-easily-the-most-boring-side-in-the-tournament,1.0,1.0,1.0,,,,,,,,2.0,,
/article/euros-2021-football-s-coming-home,1.0,,1.0,,,,,,,,1.0,,
/article/euros-2021-hungary-s-lesson-for-the-world,3.0,2.0,1.0,,1.0,,,,,,2.0,,
/article/euros-2021-scotland-have-exposed-the-pointlessness-of-taking-the-knee-,1.0,1.0,1.0,,,,,,,,3.0,,
/article/euros-2021-the-swiss-superiority-complex-cost-them-a-win,1.0,1.0,2.0,,,,,,,,1.0,,
/article/euros-2021-turkey-deserved-to-lose-to-wales,2.0,1.0,1.0,,,,,,,,2.0,,
/article/euros-even-italy-s-reserves-are-looking-good,2.0,1.0,1.0,,,,,,,,3.0,1.0,
/article/eurovision-is-too-important-to-allow-the-snp-to-play-politics-with-it,,,,,1.0,,,,,,,,
/article/even-a-robot-assistant-cant-help-you-make-sense-of-japan,1.0,1.0,,1.0,2.0,,,,1.0,,,,
/article/even-the-queen-wasn-t-spared-prince-philip-s-bad-temper,,1.0,,,,,,,,,,,
/article/ever-weaker-union-the-tories-lack-a-constitutional-theory,8.0,3.0,1.0,2.0,1.0,,1.0,1.0,,,,,2.0
/article/extracts-from-shakespeare-s-newly-discovered-play-charles-iii,,,,,,,,,,,,1.0,
/article/fact-check-did-harry-and-meghan-have-a-secret-wedding-,,,1.0,,,,,,,,,,
/article/fact-check-does-dawn-butler-have-a-blue-plaque-,8.0,1.0,2.0,4.0,3.0,,1.0,1.0,2.0,,1.0,6.0,
/article/fact-check-why-isn-t-archie-a-prince-,,,1.0,,,,,,,,,,
/article/fear-and-bullying-at-the-national-trust,,,2.0,2.0,,,3.0,,1.0,1.0,4.0,3.0,2.0
/article/fig-rolls-infinitely-better-home-made,,,,,,,,,,,,1.0,
/article/first-rate-tv-clarksons-farm-on-amazon-prime-reviewed,1.0,2.0,1.0,,1.0,1.0,1.0,,7.0,2.0,4.0,,
/article/fisher-investments-uk-s-key-to-keeping-an-even-keel-during-rising-markets,,,1.0,,,,,,,,,,
/article/fisher-investments-uk-s-perspective-on-how-politics-affects-markets,,,1.0,,,,,,,,,,
/article/fisher-investments-uk-three-tips-to-practice-a-key-investing-discipline-according-to-fisher-investments-uk,,,1.0,,,,,,,,,,
/article/five-remain-doomsday-predictions-that-aged-the-worst,,,,,1.0,,,,,,,,1.0
/article/for-fans-of-neglected-niche-and-uncool-music-lockdown-has-been-a-blessing,,,,,1.0,,,,,,,,
/article/for-journalists-like-protasevich-free-speech-is-a-matter-of-life-and-death,,,,,,,1.0,,,,,,
/article/foreign-opportunists-are-turning-britain-into-a-corporate-car-boot-sale,,,,,1.0,,,1.0,1.0,,,,
/article/forget-football-rugby-is-the-real-beautiful-game,1.0,2.0,,,,,,,1.0,,,,
/article/forget-race-or-class-marriage-is-the-big-social-divide,,1.0,,,,,,1.0,,,13.0,1.0,1.0
/article/fox-reds-are-top-dogs-for-true-blues,1.0,3.0,,,2.0,,2.0,,,,,,
/article/france-is-divided-on-taking-the-knee-,,,,1.0,,,,,,,1.0,,
/article/france-s-covid-stoicism-has-put-britain-to-shame,,,,,,,,,,,1.0,,
/article/france-s-latest-fiscal-trade-off,,,,,1.0,,,,1.0,1.0,,,
/article/france-s-silent-majority-has-rejected-macron-and-le-pen,1.0,2.0,,,,1.0,,1.0,,,3.0,1.0,
/article/frank-skinner-i-could-never-be-a-poet-,,,,,,,,,1.0,,2.0,,
/article/french-democracy-is-in-trouble-and-the-eu-is-to-blame,2.0,2.0,,2.0,2.0,,,3.0,,1.0,,,1.0
/article/from-bob-dylan-to-zaha-hadid-how-new-artistic-director-shai-baitel-is-shaking-up-the-modern-art-museum-shanghai,,,1.0,1.0,,,1.0,,1.0,,,,1.0
/article/from-family-home-to-mausoleum-the-mus-e-nissim-camondo,,1.0,,,,,,,,1.0,,,
/article/from-suffolk-to-essex-why-moving-east-makes-sense,,,,,,,,,,1.0,,,
/article/from-temple-to-labyrinth-the-art-museum-today,,3.0,,,,,,,,,,,
/article/gb-news-and-the-fight-against-the-outrage-mob,,,,,1.0,,,,,1.0,1.0,,
/article/gb-news-will-succeed-even-if-it-fails,1.0,,1.0,,1.0,,,,3.0,,3.0,,1.0
/article/gen-z-rebellion-against-the-bbc,,,,,,,,,1.0,,,,
/article/gender-neutrality-and-the-war-on-women,,,,,,,,,2.0,,,,
/article/george-osborne-grabs-his-eleventh-gig-since-number-11,,1.0,,,1.0,,,1.0,,,,,1.0
/article/germans-thought-we-couldnt-play-irmin-schmidt-of-krautrock-pioneers-can-interviewed,,,,,1.0,,1.0,,,1.0,,,
/article/germany-s-belarus-blindspot,,1.0,,1.0,,,,,,,1.0,,
/article/germany-s-growing-extremism-problem,,,,1.0,,,,,,,,,
/article/germany-s-vaccine-debacle-goes-from-bad-to-worse,,,,,,1.0,,,,,,,
/article/ghosts-of-the-past-the-field-by-robert-seethaler-reviewed,,4.0,,,,,,,,,,,
/article/glasgow-s-immigration-raid-stand-off-is-nothing-to-celebrate,,,,,1.0,,,,,,,,
/article/godot-is-a-woman-will-have-you-laughing-all-evening-and-arguing-all-night,,,2.0,,,,,,1.0,,3.0,,1.0
/article/good-luck-enjoying-eating-salmon-ever-again,,3.0,,,,,,,1.0,,1.0,,
/article/gove-hints-at-vaccine-passport-app,1.0,,,1.0,,,,,,,,,1.0
/article/gove-s-bodies-pile-high-non-denial,1.0,,1.0,2.0,,,,,,,,,1.0
/article/gove-skips-self-isolation,1.0,,1.0,2.0,,,,,,,,,1.0
/article/grotesquely-plodding-late-night-staring-at-high-res-pixels-reviewed,,,,,,,,,,,,1.0,
/article/hamas-doesn-t-want-a-palestinian-state,,,,,,,,,,,1.0,,
/article/hamas-s-rockets-are-killing-palestinians-too,,,,,,,,,,1.0,,,
/article/hancock-has-made-a-mockery-of-his-own-rules,2.0,3.0,,,,,1.0,1.0,1.0,,,,2.0
/article/hancock-resigns-as-health-secretary,1.0,1.0,,,,1.0,,1.0,,,,,1.0
/article/hancock-s-17-700-payday-beckons,1.0,1.0,,,1.0,1.0,,1.0,,,,,1.0
/article/hands-face-the-matt-hancock-guide-to-social-distancing,,1.0,,,1.0,,,1.0,,,,,1.0
/article/harry-and-meghan-s-incendiary-accusations,,,1.0,,,,,,,,,,
/article/harry-potter-meets-Ikea-backlot-cafe-reviewed,1.0,3.0,,,1.0,1.0,1.0,,1.0,,,1.0,2.0
/article/hartlepool-is-a-wake-up-call-for-labour,2.0,,,1.0,,1.0,5.0,,2.0,1.0,,1.0,
/article/has-covid-accelerated-the-cashless-society-,,,,,,,,,1.0,,,,
/article/haunted-by-the-past-last-days-in-cleaver-square-by-patrick-mcgrath-reviewed,,1.0,,,,,,,,,,,
/article/haunted-by-the-soft-sweet-power-of-the-violin,,1.0,,,,,,,,,,,
/article/henry-james-sells-heinz-baked-beans,,,,,,,,,,,,1.0,
/article/heres-a-clue-we-should-all-be-doing-cryptic-crosswords,,,,,,,,,1.0,1.0,,1.0,
/article/hit-every-auditory-g-spot-simultaneously-cbso-hough-gardner-concert-reviewed,,,,,1.0,,,,,,,,
/article/hitting-the-buffers-the-passenger-by-ulrich-alexander-boschwitz-reviewed,,1.0,,,,,,,,,,,
/article/hms-defender-what-s-behind-the-navy-s-russian-incident-,1.0,1.0,,,1.0,,,,,,,,
/article/holyrood-2021-seats-to-watch-out-for,,,,,1.0,,,,,,,,
/article/honest-faithful-and-fantastically-enjoyable-bbc1s-the-pursuit-of-love-reviewed,1.0,,,,1.0,,,,2.0,,,,
/article/how-a-polish-coal-mine-risks-derailing-the-EU-s-climate-strategy,1.0,,,,1.0,1.0,,,,,,,
/article/how-a-small-mediterranean-island-determined-the-outcome-of-the-second-world-war,,3.0,,,,,,,,,1.0,,
/article/how-acab-links-david-bowie-and-blm,1.0,,1.0,,1.0,,,,,,,,
/article/how-bad-will-the-third-wave-be-,1355.0,932.0,647.0,534.0,453.0,369.0,339.0,289.0,261.0,249.0,335.0,389.0,407.0
/article/how-boris-johnson-plans-to-reopen-the-country,16.0,4.0,6.0,8.0,9.0,1.0,6.0,2.0,1.0,4.0,6.0,6.0,3.0
/article/how-china-is-stoking-racial-tensions-in-the-west,,,,,,,,,,,,1.0,
/article/how-china-won-over-the-middle-east,,,,,,,,,2.0,,,,
/article/how-covid-will-change-ramadan,,1.0,,,,,,,,,,,
/article/how-crises-shape-government,,1.0,,,1.0,,,1.0,,2.0,1.0,,1.0
/article/how-do-politicians-switch-off-,1.0,,,,,,,,1.0,,1.0,,
/article/how-douglas-ross-proved-me-wrong,,,,,1.0,,,,,,,,
/article/how-germany-s-law-breaking-undermined-the-eu,16.0,8.0,6.0,16.0,17.0,2.0,24.0,9.0,2.0,4.0,4.0,6.0,4.0
/article/how-i-learned-to-love-audio-books,,,,,,,1.0,,,,,,
/article/how-i-missed-the-matt-hancock-story,42.0,59.0,28.0,14.0,33.0,22.0,26.0,19.0,28.0,21.0,22.0,22.0,27.0
/article/how-israel-can-block-iran-s-nuclear-dreams,1.0,,,,1.0,,,,,,,,1.0
/article/how-javid-s-appointment-could-change-the-health-bill,2.0,1.0,1.0,,1.0,,,1.0,,,,,1.0
/article/how-les-bleus-united-france-by-not-taking-the-knee,,,,,,,,,,,1.0,,
/article/how-london-became-a-hub-for-hamas,,,,,1.0,,1.0,,,,,,
/article/how-many-countries-have-royal-yachts,,,1.0,1.0,,2.0,,,1.0,,,,1.0
/article/how-many-people-are-self-isolating-when-theyre-told-to,1.0,1.0,,,1.0,1.0,1.0,,,,2.0,1.0,2.0
/article/how-much-damage-to-the-government-has-doms-bomb-done,,,,,,,,,,,,1.0,
/article/how-much-longer-can-the-treasury-rig-the-housing-market-,3.0,4.0,1.0,2.0,3.0,1.0,3.0,3.0,3.0,,1.0,2.0,3.0
/article/how-prince-harry-became-celebrity-frontman-for-a-very-questionable-industry,1.0,,,1.0,,,,,,,1.0,,
/article/how-richard-dawkins-fell-victim-to-the-transgender-thought-police,,2.0,,,,,1.0,,,,,,
/article/how-russia-and-china-seek-to-woo-pariah-states-like-belarus,,1.0,,,,,,,,,,,
/article/how-serious-is-britain-s-third-wave-,,,,,,,,,1.0,,,,
/article/how-st-ives-became-barbara-hepworth-s-spiritual-home,,1.0,,,,,,,,,,,
/article/how-starmer-can-bury-boris,1.0,2.0,,,,,2.0,1.0,,,,,
/article/how-stupid-do-the-script-writers-of-sky-s-devils-think-we-are-,,,,,,,,,1.0,,,,
/article/how-the-great-british-bake-off-inspired-great-british-railways,,,,,1.0,,,,,,,,
/article/how-the-third-world-war-was-narrowly-averted,,1.0,,,,,,,,,,,
/article/how-the-west-can-avoid-beijing-s-olympic-propaganda-trap,,,,,,,,,,1.0,,,
/article/how-to-back-the-right-horse-top-tips-for-the-grand-national,,,,1.0,,,,,,,,,
/article/how-to-build-more-houses,1.0,,,,,,,,,,,,
/article/how-to-choose-a-summer-hat-tips-from-a-lady-s-maid,3.0,2.0,2.0,2.0,,2.0,,2.0,,,1.0,,
/article/how-to-drink-in-the-delights-of-france-without-leaving-the-country,,,,,1.0,1.0,,,1.0,,,,1.0
/article/how-to-end-the-housing-cartel,,1.0,1.0,,1.0,,,2.0,,,,1.0,
/article/how-to-explore-ibiza-s-cultural-side,327.0,269.0,210.0,156.0,152.0,108.0,118.0,112.0,95.0,96.0,121.0,142.0,155.0
/article/how-to-find-the-perfect-easter-egg,,,,,,,,,,,,1.0,
/article/how-to-fix-the-protocol,,2.0,,,,,,,,,,,
/article/how-to-have-an-aussie-themed-weekend-in-london,,,,,,,,,1.0,,,,
/article/how-to-pick-up-a-property-bargain-in-london,,,,,,,1.0,,,,,,
/article/how-to-protect-yourself-against-the-risk-of-inflation,1.0,,,,,,,1.0,1.0,,,,1.0
/article/how-to-pull-off-an-icelandic-getaway,,1.0,,,,,,,,,,,
/article/how-to-take-up-shooting,,,,2.0,,,,,1.0,,1.0,,
/article/how-to-try-cornwall-s-new-150-mile-cycle-route,,,,,,,2.0,,,,,,
/article/how-to-write-a-proper-propaganda-song,2.0,2.0,,1.0,1.0,1.0,,1.0,2.0,3.0,,1.0,1.0
/article/how-tory-mps-plan-to-clip-cummings-wings,,,,,,,,,,,,1.0,
/article/how-trojan-records-conquered-the-world,,,2.0,,2.0,,2.0,1.0,1.0,1.0,4.0,,
/article/how-whatsapp-mums-saved-kenyas-castaway-children,,,,1.0,,1.0,,,1.0,,1.0,,
/article/how-william-hogarth-made-britain,1.0,2.0,1.0,1.0,1.0,,1.0,,,,1.0,,1.0
/article/i-can-finally-spill-the-beans-about-halston-and-princess-margaret,,,,,,,,,4.0,1.0,,,
/article/i-have-been-ambushed-by-the-past,,,,,2.0,,,,,1.0,,,
/article/i-was-oprah-winfrey-s-hero,,,,,,,,,2.0,1.0,,,
/article/ice-and-snow-and-sea-and-sky-lean-fall-stand-by-jon-mcgregor-reviewed,,1.0,,,,,,,,,,,
/article/if-all-else-fails-there-s-always-basket-weaving,,,,,2.0,,,,,,,,
/article/ignore-the-gloomsters-the-economy-is-roaring-back,3.0,3.0,4.0,,4.0,1.0,2.0,3.0,,,1.0,2.0,
/article/im-gypsy-and-proud,,,1.0,,,,1.0,,,,,,
/article/impossible-not-to-feel-snooty-watching-itv-s-agatha-and-poirot,,1.0,,,,,,,1.0,1.0,,,
/article/in-defence-of-flannery-oconnor,,,,1.0,,,,1.0,,1.0,,,
/article/in-our-narcissistic-age-nothing-beats-good-manners,,1.0,,,1.0,,,1.0,,1.0,,,
/article/in-praise-of-chastity,,,,,,,,,5.0,1.0,,,
/article/in-praise-of-kate-forbes-s-christian-faith,,,,,1.0,,,,,,,,
/article/in-praise-of-the-ford-escort,140.0,66.0,56.0,28.0,33.0,32.0,30.0,17.0,28.0,16.0,25.0,14.0,41.0
/article/in-praise-of-the-lgb-alliance,,2.0,,,1.0,,,,1.0,1.0,,,
/article/in-search-of-great-aunt-pearl-s-will-a-black-comedy-of-familial-strife,1.0,2.0,2.0,2.0,1.0,,1.0,,,,1.0,,1.0
/article/insane-and-fascinating-bbc-world-services-lazarus-heist-reviewed,,,,,,,,,1.0,,,,1.0
/article/inside-prince-charles-s-wine-powered-aston-martin,,1.0,,,,1.0,,,,,1.0,,
/article/intelligence-insulting-schlock-sky-atlantic-s-your-honor-reviewed,,,,,,,,,1.0,1.0,,,
/article/into-the-wild-hidden-campsites-to-explore-this-summer,,,,,,,2.0,,,,,,
/article/is-anywhere-in-the-world-still-safe-for-chinas-uighurs,1.0,1.0,,3.0,4.0,,1.0,1.0,,1.0,,1.0,
/article/is-biden-coming-around-to-boris-,,,,,,,1.0,,,,,,
/article/is-britain-facing-a-jobs-crisis-,,,,,,,,,,1.0,,,
/article/is-britain-prepared-for-a-different-corona-disaster-,,,,,,,,,,,,3.0,
/article/is-climate-change-really-causing-hundreds-of-uk-deaths-,,,,,,,,,1.0,,,,
/article/is-covid-really-to-blame-for-hs2-s-runaway-costs-,,,,,,,,,1.0,,,,
/article/is-farrow-and-balls-business-model-flaking,,,,,,,,,1.0,,,,
/article/is-france-losing-its-war-on-terror-,1.0,,,,,,,,,,,,
/article/is-france-s-answer-to-the-great-british-bake-off-worth-a-watch-,,,,,,,,,,,,1.0,
/article/is-furlough-holding-back-the-jobs-market-,,,,,,,,1.0,1.0,,,,
/article/is-germany-about-to-go-green,,,,1.0,,,,,,,,1.0,
/article/is-inflation-about-to-bite-,,,,,,,,1.0,1.0,,,,
/article/is-ireland-cosying-up-to-china-,1.0,,1.0,,,,,,,,,,
/article/is-it-exotic-to-vibrate,,,,,1.0,,,,,,,,
/article/is-it-farewell-to-the-handshake-,,3.0,2.0,,,,,,,,,,
/article/is-lockdowns-tech-bubble-about-to-burst,,,,,1.0,,,1.0,,1.0,,,
/article/is-marine-le-pen-s-presidential-bid-doomed-,1.0,3.0,,1.0,2.0,,,1.0,1.0,,,,1.0
/article/is-the-eu-breaching-its-uk-treaty-by-failing-to-protect-lgbt-rights-,,1.0,,,2.0,,,,1.0,,,1.0,
/article/is-the-euro-area-at-risk-of-an-inflation-surge-,,,,1.0,,,,,,,,,
/article/is-the-green-list-enough-to-save-tourism-,,,,,,,1.0,,2.0,,,,1.0
/article/is-the-oxford-astrazeneca-vaccine-safe-a-doctor-s-view,1.0,,1.0,,,,,,,,1.0,,
/article/is-the-shine-coming-off-saint-jacinda-,2.0,,2.0,,1.0,1.0,2.0,1.0,1.0,1.0,,1.0,1.0
/article/is-the-truth-really-out-there-the-ufo-on-film,1.0,2.0,1.0,2.0,,,2.0,,1.0,,1.0,1.0,2.0
/article/is-there-anything-more-uplifting-than-our-yorkshire-farm-,,,,,,,1.0,,,,,,
/article/israel-palestine-and-the-eu-s-humiliating-attempt-at-diplomacy,,,,,1.0,,,,,,,,
/article/israel-scraps-its-redundant-vaccine-passport,,,,,,,,,,,,2.0,
/article/it-is-impossible-to-imagine-henrician-england-except-through-the-eyes-of-hans-holbein,,1.0,,,,,1.0,1.0,,,,,
/article/it-s-time-for-rishi-sunak-to-stand-up-to-boris-johnson,1.0,1.0,,3.0,,,,4.0,1.0,,,,1.0
/article/it-s-time-the-british-faced-some-uncomfortable-truths-says-matthew-d-ancona,,3.0,,,,,,,,,2.0,,
/article/it-s-time-to-take-back-control-of-the-public-finances,,,,,,,,1.0,1.0,,,,1.0
/article/it-takes-a-trained-ear-fully-to-appreciate-indian-music,,3.0,,,,,,,,1.0,1.0,,
/article/its-the-end-of-lockdown-and-the-village-has-gone-wild,2.0,,1.0,1.0,4.0,2.0,1.0,4.0,,10.0,5.0,3.0,
/article/its-time-to-repair-the-damage-done-to-the-covid-generations-education,3.0,1.0,1.0,,5.0,,,1.0,1.0,,,1.0,1.0
/article/its-time-to-revisit-the-northern-ireland-protocol,,1.0,,,,,,,,,,1.0,
/article/ive-swapped-booze-for-pot-noodles,,,,,,,1.0,,,,,,
/article/jackie-baillie-victory-deals-blow-to-snp-majority-hopes,,,,,1.0,,,,,,,,
/article/japan-s-punishing-workplace-culture,4.0,2.0,,2.0,2.0,,,3.0,,,,,1.0
/article/jason-ricci-is-my-mentor-guru-and-anointed-one,,,,,5.0,,,3.0,,8.0,3.0,2.0,
/article/joanna-cherry-loses-her-seat,,,,,1.0,,,,,,,,1.0
/article/joe-biden-s-long-road-to-recovery,,,,,1.0,,,,1.0,,,,
/article/jordan-peterson-is-the-savonarola-of-our-times,,2.0,2.0,,,,,,1.0,,,,
/article/josquin-changed-musical-history-why-don-t-we-hear-more-of-him-,,,,,1.0,,1.0,,3.0,1.0,,,
/article/journey-to-the-end-of-the-world-the-full-horror-of-the-belgica-s-antarctic-expedition,465.0,373.0,287.0,215.0,216.0,156.0,171.0,157.0,124.0,124.0,160.0,199.0,214.0
/article/journey-to-the-grimmest-place-in-the-world-,,4.0,2.0,,,,,,,,,,
/article/journey-to-the-moon-the-things-we-ve-seen-by-agust-n-fern-ndez-mallo-reviewed,,3.0,,1.0,,,,,,,1.0,,
/article/keir-starmer-fails-to-use-the-dom-bombs-at-pmqs,,,1.0,,,,,,,,,,
/article/keir-starmer-s-brand-of-brexit-cakeism-is-alienating-both-sides,2.0,2.0,,,1.0,,,,,,,1.0,
/article/keir-starmers-days-are-numbered,2.0,2.0,,1.0,,2.0,,,2.0,1.0,2.0,1.0,1.0
/article/labour-director-of-communications-runners-and-riders,,1.0,,,1.0,,,1.0,,,,,1.0
/article/labour-has-stumbled-into-the-royal-culture-war,,,1.0,,,,,,,,,,
/article/labour-hold-batley-and-spen-by-323-votes,18.0,7.0,9.0,13.0,10.0,3.0,5.0,4.0,3.0,3.0,11.0,6.0,9.0
/article/labour-is-in-last-chance-saloon,,,,,,,,,1.0,,,1.0,1.0
/article/labour-s-house-building-hypocrisy,,,,,,,,,,,,,1.0
/article/labour-s-killer-queen-is-the-perfect-replacement-for-starmer,,,,,1.0,1.0,1.0,,,,,1.0,1.0
/article/labour-s-worrying-descent-into-communalism,5.0,1.0,,,1.0,,3.0,,1.0,,,,1.0
/article/latest-proof-that-western-civilisation-is-over-sky-atlantics-domina-reviewed,1.0,,,,,,,,1.0,1.0,,,
/article/laura-pidcock-s-latest-gulf-gaffe,1122.0,646.0,524.0,403.0,448.0,407.0,331.0,203.0,189.0,199.0,300.0,308.0,304.0
/article/laurel-hubbard-is-the-beginning-of-the-end-of-women-s-sports,5.0,4.0,2.0,2.0,2.0,1.0,3.0,2.0,4.0,1.0,1.0,,2.0
/article/learning-to-listen-sarah-sands-goes-in-search-of-spirituality,,3.0,2.0,,,,,,1.0,,,,
/article/leaving-london-the-top-commuter-cities-that-will-give-you-more-space,,,,,,,1.0,,,,,,
/article/leni-riefenstahl-is-missing-the-dictator-s-muse-by-nigel-farndale-reviewed,1.0,2.0,4.0,2.0,2.0,,2.0,,,,1.0,2.0,1.0
/article/lesbians-are-being-erased-by-transgender-activists,5.0,2.0,2.0,15.0,,1.0,1.0,2.0,,,,5.0,1.0
/article/let-hymn-in-the-silencing-of-indoor-singing-is-senseless,,2.0,1.0,1.0,,,1.0,,1.0,,,,
/article/lets-show-vaccine-passports-for-football-fans-the-red-card,,,,,,,1.0,,,,,,
/article/letters-china-has-peaked,,,,,,,,,,1.0,,,
/article/letters-the-key-to-scotlands-future,2.0,2.0,,1.0,2.0,1.0,,,3.0,1.0,2.0,2.0,2.0
/article/letters-the-veiled-elitism-of-social-mobility,,1.0,1.0,,,,,,,,,,
/article/letters-we-cant-build-our-way-out-of-the-housing-crisis,1.0,1.0,,,1.0,,1.0,,,,2.0,1.0,1.0
/article/level-has-a-bumpy-history,,,,,1.0,,,,,,,,1.0
/article/lib-dem-grandees-go-to-war-over-china,2.0,2.0,1.0,,2.0,,,1.0,,,,,2.0
/article/life-is-about-to-get-harder-for-boris-johnson,,,,,,1.0,,1.0,,,2.0,,
/article/life-on-earth-is-too-tame-for-eccentric-american-billionaires,,1.0,,,,,,,,,,,
/article/listen-the-department-for-education-backs-cringe-new-song,,,,,,,,,,,,,1.0
/article/lockdown-killed-my-mother-and-thousands-like-her,132.0,79.0,179.0,82.0,86.0,25.0,47.0,68.0,104.0,27.0,38.0,77.0,59.0
/article/lukashenko-belarus-kgb-thugs,,,,,,,,1.0,,,,,
/article/lush-elegant-and-vivid-der-rosenkavalier-at-garsington-reviewed,,,2.0,,2.0,,1.0,,1.0,,2.0,,
/article/malice-and-back-stabbing-behind-vogue-s-glossy-exterior,,2.0,2.0,,,,,,,,,,
/article/man-about-the-house-kitchenly-434-by-alan-warner-reviewed,,2.0,,,,,,,,,,,
/article/marina-warner-becomes-her-mother-s-shabti-,,1.0,,,,,,,,,,,
/article/mark-drakeford-s-men-only-curfew-would-break-international-law,,,,,1.0,,,,,,,,
/article/matt-hancock-and-the-problem-with-china-s-surveillance-tech,1.0,3.0,1.0,,,1.0,1.0,2.0,2.0,,,1.0,2.0
/article/matt-hancock-may-get-his-revenge-tomorrow,,,,,,,,,,,,1.0,
/article/matt-hancock-s-nine-firing-offences-according-to-dominic-cummings,,,,,,,,,,,,1.0,
/article/matt-hancock-why-i-resigned,1.0,1.0,,,,1.0,,1.0,,,,,1.0
/article/maya-forstater-s-win-is-a-victory-for-rational-thinking,2.0,4.0,6.0,2.0,,2.0,3.0,,4.0,3.0,1.0,1.0,3.0
/article/meghan-and-harry-s-interview-the-six-biggest-bombshell-claims,,,1.0,,,,,,,,,,
/article/meghan-markle-has-explained-why-children-won-t-like-the-bench-,,,1.0,,,,,,,,,1.0,
/article/men-are-being-radicalised-by-the-incel-movement,1.0,,,,,,,,,,,,
/article/merkel-blunders-over-lockdown,,,,,,1.0,,,,,,,
/article/merkel-declares-a-new-pandemic-as-germany-locks-down-again,,,,,,1.0,,,,,,,
/article/merkel-s-radical-lockdown-plan-could-quickly-backfire,,,,,,1.0,,,,,,,
/article/merkel-s-successor-could-be-a-disaster-for-germany,,,,1.0,,,,,,,,,
/article/michael-gove-and-sarah-vine-announce-divorce,358.0,290.0,228.0,145.0,182.0,134.0,149.0,132.0,113.0,111.0,135.0,150.0,154.0
/article/minister-s-sussex-snub,,,1.0,,,,,,,,,,
/article/ministers-clamp-down-on-foreign-travel,1.0,,,,,,,,,,,,
/article/ministers-need-to-start-bracing-Britain-for-the-third-wave,1.0,,,1.0,,,,,,,,,
/article/missing-the-city-chic-hotels-for-a-london-mini-break,,1.0,,,,,,,1.0,,1.0,,
/article/moments-of-pure-wonder-folk-weekend-oxford-reviewed,1.0,,,,2.0,,,,,1.0,,,
/article/mommy-issues-milk-fed-by-melissa-broder-reviewed,,3.0,2.0,,,,,,,,,,
/article/mon-dieu-our-french-residency-permits-have-arrived,,,,,1.0,,,,,1.0,,,
/article/more-northern-accents-won-t-save-the-bbc,,,,,,,,,1.0,,,,
/article/mother-nature-is-giving-us-her-middle-finger,,,,,,,,,2.0,1.0,,,
/article/mothers-and-daughters-i-couldn-t-love-you-more-by-esther-freud-reviewed,,3.0,,,,,,,,,1.0,,
/article/mps-are-finally-engaging-with-the-gender-identity-debate,,,,,,,,1.0,1.0,,,,
/article/mumford-and-sons-versus-the-mob,2.0,1.0,,,,,,1.0,,,,,1.0
/article/mumford-sons-banjoist-quits-in-cancel-culture-row,,1.0,,,1.0,,,1.0,,,,,1.0
/article/must-we-always-be-treated-as-infants-by-a-monstrous-regiment-of-scolds-,,1.0,,,,,,,,,,,
/article/my-25euro-covid-jab-surprise,,,,,1.0,,1.0,,,,,,
/article/my-advice-to-gareth-southgate,1.0,,2.0,,,,,,,,,,
/article/my-battle-to-clear-christine-keeler-s-name,,1.0,,,1.0,,,,,,,,
/article/my-best-duke-of-edinburgh-salute-for-my-oncologist,,,,,1.0,,,,,1.0,,,
/article/my-clairvoyant-gp,,,,,2.0,,,,,,,,
/article/my-french-lesson-has-taken-a-most-unexpected-turn,,,,,1.0,,,,,,,,
/article/my-medical-embarrassments-are-my-business-and-no-one-else-s,,,1.0,,,,1.0,,,,,,
/article/my-painstaking-preparations-for-prince-philips-funeral,,,,,,,,,,1.0,,,
/article/my-password-amnesia-got-me-into-hot-water,,,,,,,,,2.0,1.0,,,
/article/my-plan-for-belarus,1.0,,1.0,,,,,,,,,,
/article/my-plan-to-kick-off-life-after-lockdown,,,,,,,2.0,,,,,,
/article/my-problem-with-the-euros,1.0,1.0,1.0,1.0,1.0,,2.0,2.0,5.0,1.0,2.0,1.0,1.0
/article/my-return-to-new-york-is-a-mixed-blessing,,,,,,,,,2.0,1.0,,1.0,
/article/my-struggle-to-forgive-my-childhood-tormentor,,,,,,,,1.0,,,,,
/article/my-thrilling-rendezvous-with-the-sausage-lady,,,,,1.0,,,,,,,,
/article/my-voice-is-a-curse-gary-numan-interviewed,,,,,1.0,,1.0,,,,,,
/article/my-voyage-back-through-the-landmarks-of-my-life,2.0,1.0,,,,,,,2.0,5.0,3.0,2.0,
/article/neapolitan-pizza-no-fancy-gadgets-needed,,,,,,,,,,,,1.0,
/article/need-we-fear-a-third-wave-after-lockdown-ends-,,2.0,,,,,,,,,,1.0,
/article/new-york-resembles-a-war-zone,,,,,,,,,4.0,1.0,,,
/article/new-yorkers-talk-the-talk,,1.0,,,,,,,,,,,
/article/new-zealand-s-worrying-battle-over-transgender-rights,1529.0,1185.0,877.0,719.0,726.0,528.0,616.0,461.0,451.0,454.0,501.0,560.0,710.0
/article/nicola-sturgeon-and-the-rise-of-the-traumocracy,,,,,,,,,,1.0,,,
/article/nicola-sturgeon-isn-t-serious-about-indyref2,55.0,69.0,36.0,25.0,41.0,23.0,32.0,24.0,30.0,21.0,25.0,25.0,30.0
/article/nine-times-matt-hancock-told-us-to-obey-the-rules,2.0,1.0,,,1.0,,,1.0,,,,,1.0
/article/nna-hamnetts-art-was-every-bit-as-riveting-as-her-life,,1.0,2.0,,,,,,2.0,1.0,2.0,,
/article/no-10-should-prepare-for-an-aid-rebellion,1.0,,,,,,,,,,,,
/article/no-660,,,,,,,,,,,2.0,,
/article/no-wonder-viewers-are-boycotting-the-oscars,,,,,,,,,,,1.0,,
/article/nostalgia-for-seedy-nightclubs-reeking-of-sex-and-poppers,1.0,4.0,,,,,,,,,,,
/article/not-just-a-trolley-dolly-the-demanding-life-of-an-air-hostess,,1.0,,,,,,,,,,,
/article/not-so-dryasdust-how-18th-century-antiquarians-proved-the-first-modern-historians,4.0,5.0,3.0,2.0,1.0,,2.0,,2.0,,2.0,2.0,1.0
/article/o-father-where-art-thou-fox-fires-by-wyl-menmuir-reviewed,,2.0,1.0,1.0,,,1.0,,,,1.0,,1.0
/article/on-england-versus-scotland,1.0,2.0,1.0,,,,,,,,2.0,,
/article/one-of-the-best-covid-dramas-so-far-bbc2-s-together-reviewed,,,2.0,,1.0,,,,1.0,,3.0,,
/article/one-of-the-lucky-ones-hella-pick-escapes-nazi-germany,,3.0,2.0,,,,,,,,,,
/article/orcadian-cadences-celebrating-the-reclusive-poet-george-mackay-brown,,3.0,,,,,,,,,1.0,,
/article/our-confusing-voting-system-has-cost-me-25,,,,,,,1.0,,,,,,
/article/our-mental-health-is-going-up-in-smoke,,1.0,,1.0,,,,1.0,,1.0,,,
/article/our-politicians-are-powerless-to-block-colin-pitchfork-s-release,,,,,1.0,,,,,,,,
/article/out-scooping-the-men-six-women-reporters-of-the-second-world-war,,1.0,1.0,,1.0,,,,,,,,
/article/over-the-rainbow-d-h-lawrence-s-search-for-a-new-way-of-life,,1.0,,,,,,,,,,,
/article/oxfam-s-strange-obsession-with-whiteness-,11.0,4.0,2.0,6.0,4.0,4.0,99.0,3.0,4.0,13.0,6.0,13.0,
/article/oxford-s-remarkable-vaccine-success,,,,,,,,1.0,,,,,
/article/oxford-sensitivity-readers-and-the-trouble-with-safe-spaces,4.0,2.0,2.0,3.0,1.0,2.0,4.0,,1.0,2.0,2.0,,
/article/p-g-wodehouse-s-aunts-among-the-chickens,,,,,,,,,,,,1.0,
/article/peru-s-beauty-has-been-a-real-curse,,,1.0,,,,,,,,,,
/article/petits-pois-la-fran-aise-a-sumptuous-twist-on-summer-greens,,1.0,,,,,,,,,,1.0,
/article/philip-roth-most-meta-of-novelists-and-most-honest,,1.0,,,,,,,,,,1.0,
/article/pilgrimage-is-beginning-to-resemble-any-other-kind-of-holiday,,1.0,,,,,,,,,,,
/article/pimlico-academy-and-the-politicisation-of-the-playground,,1.0,,,,,,,,,,,
/article/pistachio-souffl-a-small-act-of-faith,,,,,,,,,,,,1.0,
/article/pmqs-boris-feels-more-threatened-by-sir-ed-than-sir-keir,1.0,1.0,1.0,,2.0,1.0,,1.0,1.0,,,,2.0
/article/pmqs-johnson-s-inappropriate-jab-joke,1.0,,1.0,,,,,,1.0,,,,2.0
/article/pmqs-starmer-can-never-quite-skewer-boris,11.0,5.0,4.0,,2.0,,3.0,1.0,2.0,,4.0,4.0,1.0
/article/pmqs-starmer-charges-boris-with-hypocrisy,3.0,1.0,2.0,,2.0,,,3.0,1.0,,3.0,2.0,1.0
/article/pmqs-the-snp-take-on-free-trade,,,1.0,,,,,,1.0,,,,
/article/poems-are-the-duracell-batteries-of-language-says-simon-armitage,,3.0,,,,,,,,,1.0,,
/article/poll-2019-tories-still-backing-boris,3.0,2.0,3.0,,3.0,,1.0,1.0,1.0,,1.0,2.0,
/article/portrait-of-the-week-a-bombshell-by-election-scotland-bans-mancunians-and-china-staffs-its-space-station,1.0,1.0,,1.0,,,,,1.0,1.0,,,1.0
/article/portrait-of-the-week-bashirs-reckoning-dominic-cummingss-evidence-and-secret-local-lockdowns,,,,,,,,,,,,1.0,
/article/portrait-of-the-week-boris-johnsons-wedding-bitcoin-blackouts-and-a-140m-tomato-ketchup-factory,,,,,,,,,,,,1.0,
/article/portrait-of-the-week-duke-of-edinburgh-dies-covid-retreats-and-questions-for-cameron,,,,,,,,1.0,,1.0,,,
/article/portrait-of-the-week-freedom-off-gb-news-on-and-the-queens-tea-with-biden,,,,,,,,,,1.0,,,
/article/portrait-of-the-week-tributes-to-sarah-everard-rows-over-astrazeneca-and-nokia-cuts-jobs,,,,,1.0,,,,,,,,
"/article/portrait-of-the-week:-hancock-out,-javid-in-and-mod-papers-found-at-a-bus-stop",2.0,1.0,,,1.0,2.0,,,2.0,,2.0,2.0,1.0
/article/portugal-s-secret-sanctuaries-why-it-pays-to-roam-far,,,,,,1.0,,1.0,,,,,
/article/potatoes-dauphinoise-a-rich-dish-made-for-sharing,,,,,,,,,,,,1.0,
/article/prepare-for-china-s-nationalist-turn,1.0,,,,,,,,,,,,
/article/prepare-for-the-eu-s-hamilton-moment-,,1.0,,1.0,1.0,,,,,,,,1.0
/article/prince-harry-s-brave-revelation,,,1.0,,,,,,,,,,
/article/prince-william-s-extraordinary-attack-on-the-bbc,,,,,,2.0,,,,,,,
/article/prince-william-won-t-save-the-union,,6.0,,,,,,,,,2.0,,
/article/princess-diana-and-the-art-of-diplomatic-dressing,405.0,335.0,258.0,189.0,183.0,130.0,186.0,185.0,120.0,118.0,143.0,186.0,194.0
/article/problem-parents-my-phantoms-by-gwendoline-riley-reviewed,,3.0,,,,,,,,,,,
/article/pure-white-and-native-the-birch-as-a-symbol-of-russian-nationalism,,2.0,1.0,1.0,,,1.0,,,,1.0,,1.0
/article/putin-steps-back-from-the-ukrainian-brink,,,,,,,,1.0,,,,,
/article/puzzle-pieces-cowboy-graves-by-roberto-bola-o-reviewed,,1.0,,,,,,,,,,,
/article/questions-about-matt-hancock-s-credibility-aren-t-going-away,,,,,,,,,,,,1.0,
/article/quietly-radiates-a-wholly-justified-confidence-bbc-1-s-the-pact-reviewed,,1.0,1.0,,,,1.0,,,,,,
/article/rataouille-a-proven-al-one-pot-that-is-nothing-like-the-film,1.0,1.0,1.0,1.0,,,1.0,,,,,1.0,
/article/raymond-chandler-and-his-contrarian-cat-taki,,,,,,,,,2.0,1.0,,,
/article/reddit-aimee-challenor-and-a-disturbing-insight-into-the-trans-debate,1.0,,,,,,,,,,,,
/article/religious-literacy-rules-risk-gagging-the-press,1.0,,,,1.0,,,,,,,,
/article/remembering-david-storey-giant-of-postwar-english-culture,,1.0,2.0,1.0,,,,,1.0,,1.0,1.0,1.0
/article/remembering-one-of-the-last-great-americans,,,,,,,,,2.0,1.0,,,
/article/reminiscent-of-roxy-music-s-cocktail-sound-the-weather-station-reviewed,,,,,,,,,,1.0,,,
/article/return-to-la-confidential-widespread-panic-by-james-ellroy-reviewed,,3.0,3.0,2.0,,1.0,5.0,,6.0,2.0,2.0,1.0,3.0
/article/revelatory-and-grubby-framing-britney-spears-reviewed,,,,,,,,,,1.0,,,
/article/richard-thompson-s-memoir-is-worth-reading-for-the-fairport-years-alone,,3.0,,,,,,,,,1.0,,
/article/rishi-sunak-and-the-coming-tory-battle-over-climate-change,,,,,,,,,1.0,,,,
/article/riveting-and-heartbreaking-sound-of-metal-reviewed,,1.0,,,,,,,1.0,,,,
/article/roman-cancel-culture-didnt-stop-at-statues,,,,,,,1.0,,,,,,
/article/rum-baba-a-boozy-make-ahead-pudding,,,,,,,,,,,,1.0,
/article/russian-memoirs-are-prone-to-a-particular-form-of-angst,,2.0,,,,,,,,,,,
/article/sacred-space-has-become-a-crowded-marketplace,,,,,1.0,,,,,,,,1.0
/article/sacrificing-to-the-false-god-of-gold,,1.0,,,,,,1.0,,,,,
/article/sadiq-khan-s-cannabis-stunt-is-typical-of-his-empty-gesture-politics,,,,,,,,1.0,,,,,
/article/sadiq-khan-s-victory-is-good-news-for-the-tories,,1.0,,,,,,,,,,,
/article/sajid-javid-appointed-as-new-health-secretary,1.0,1.0,,,,1.0,,1.0,,,,,1.0
/article/sajid-javid-s-optimistic-covid-forecast,2.0,2.0,,,1.0,,,,,,,,
/article/science-is-not-an-instrument-of-patriarchal-oppression,,,,,,,,,,,,1.0,
/article/scotland-needs-english-migrants,,6.0,,,,,,,,,,,
/article/scotland-s-post-reality-politics,,3.0,,,,,,,,,,,
/article/scottish-council-bans-the-word-tories-,,,,,,,1.0,,,,,,
/article/scrapping-english-votes-for-english-laws-could-spell-trouble,1.0,,1.0,2.0,1.0,,1.0,,,,,,1.0
/article/secret-sea-air-where-to-beat-the-crowds-this-summer,1.0,,,,,,,,,,,,
/article/secret-treaties-and-games-of-cat-and-mouse-a-choice-of-recent-crime-fiction,1.0,2.0,1.0,1.0,,,1.0,,,,1.0,,1.0
/article/seldom-less-than-gripping-banged-up-podcast-reviewed,,,,,,,,,1.0,1.0,,,
/article/selling-the-family-home-to-pay-for-care-is-not-an-injustice,,,,1.0,,,,,,,,,
/article/seven-sumptuous-salads-to-try-in-london,,1.0,,,,,,,,,,,
/article/seven-walks-inspired-by-artists,1.0,1.0,,,,,,,1.0,,,,
/article/shadow-ministers-grousing-gaffes,,,,,,,,,,,,,1.0
/article/shakespeare-didnt-need-to-know-the-difference-between-its-and-its,,,,,1.0,,,,,,,,
/article/shock-tactics-the-flamboyant-life-of-a-hanoverian-maid-of-honour,,4.0,,1.0,,,3.0,,,,,,
/article/should-biographies-be-written-about-the-young-,,,,,,,,,,,1.0,,
/article/should-dido-harding-really-run-nhs-england-,,,,,,,,,,,,,1.0
/article/should-the-nhs-mix-pfizer-and-astrazeneca-covid-jabs-,,,,,,,,,2.0,,,,
/article/should-we-be-mixing-astrazeneca-and-pfizer-shots-,2.0,1.0,1.0,,,,,2.0,1.0,1.0,,1.0,2.0
/article/simon-mccoy-s-warning-shot-to-the-beeb,,,,,,,,,1.0,,,,
/article/singing-to-the-gods-a-millennium-s-span-of-ancient-greek-hymns-gloriously-portrayed,1.0,4.0,3.0,2.0,1.0,,1.0,,,,2.0,1.0,3.0
/article/six-literary-adaptations-that-outdo-the-pursuit-of-love,,,,,,,,,1.0,,,,
/article/six-rules-for-picking-the-wokest-school,,1.0,,,,,,,,,,,
/article/slanging-match-rein-gold-by-elfriede-jelinek-reviewed,,2.0,2.0,,,,1.0,,,,,,
/article/sleeping-with-the-enemy-the-wartime-story-of-la-chatte-,,3.0,,,,,,,,,,,
/article/snakes-alive-playing-cricket-in-latin-america,1.0,2.0,1.0,1.0,,,2.0,,,,1.0,,1.0
/article/snp-msp-in-racist-bus-row-apologises-again-,54.0,58.0,36.0,25.0,40.0,23.0,30.0,23.0,30.0,21.0,25.0,25.0,28.0
/article/so-long-to-leeds-s-appalling-prostitution-zone,1.0,,1.0,1.0,,,1.0,,,,,,
/article/sowing-seeds-of-comfort,,3.0,,,,,,,,,,,
/article/spaghetti-puttanesca-turn-your-leftovers-into-something-special,,,,,,,,,,,,1.0,
/article/spectacular-invective-jonathan-meades-lets-rip-about-boris-and-brexit,,3.0,,,,,,,,,,,
/article/spectator-competition-winners-rondeaus-on-a-summery-theme,,,,1.0,,,,,,,,1.0,
/article/sprawling-forests-and-space-galore-why-northumberland-should-be-on-your-property-radar,,,,,,,1.0,,,,,,
/article/staged-a-handful-of-vip-events-is-no-substitute-for-normality,132.0,150.0,103.0,57.0,91.0,60.0,78.0,59.0,70.0,55.0,63.0,60.0,73.0
/article/stalin-as-puppet-master-how-uncle-joe-manipulated-the-west,,1.0,,,,,,,,,,,
/article/stamer-s-absurd-reaction-to-the-dyson-lobbying-scandal-,,1.0,,,,,,,,,,,
/article/starmer-s-critics-in-pre-batley-booze-up,16.0,7.0,6.0,11.0,11.0,1.0,4.0,3.0,2.0,3.0,6.0,6.0,7.0
/article/starmer-s-encounter-with-piers-morgan-could-mark-a-key-turning-point,1.0,1.0,,,,,,,,,,,
/article/starmer-was-wrong-to-say-sorry-for-visiting-jesus-house,,,,,,,,,,,1.0,,
/article/starmers-long-game-party-repair-comes-before-opposition-politics,,,,,,,1.0,,,,,,
/article/stealing-the-story-a-lonely-man-by-chris-power-reviewed,1.0,2.0,2.0,,,,3.0,,,,1.0,,1.0
/article/steam-trains-make-a-comeback-under-the-guise-of-heritage,,1.0,,,,,,,,,,,
/article/stephen-hawking-the-myth-and-the-reality,,1.0,,,,,,,,,,,
/article/sticky-toffee-hot-cross-buns-the-ultimate-easter-indulgence,,,,,,,,,,,,1.0,
/article/stirling-moss-s-charmed-life-in-the-fast-lane,,2.0,1.0,,,,,,,,,,
/article/stonewall-and-the-silencing-of-feminist-voices-at-universities,1.0,,,,,,,,,,,,
/article/stonewall-s-dystopian-attacks-on-gendered-language,,,,,,,,,,,1.0,,
/article/stonewall-s-worrying-guidance-for-schools,28.0,23.0,14.0,16.0,16.0,19.0,14.0,16.0,14.0,12.0,12.0,15.0,18.0
/article/stopping-refugees-is-un-british,,,,,,,,,,,,2.0,
/article/straight-lines-and-grandiose-schemes-napoleon-the-gardener,,,,,,,,1.0,,,,,
/article/sturgeon-can-t-hide-the-economic-costs-of-scexit,,4.0,,,,,,,,,,,
/article/sturgeon-has-no-credible-answers-on-economics-of-scexit,,2.0,,,,,,,,,,,
/article/sturgeon-s-hard-border-with-england-comes-into-view,,1.0,,,,,,,,,,,
/article/sturgeon-s-new-cabinet-reveals-a-dearth-of-talent,,,,,1.0,,,,,,,,
/article/suddenly-used-cars-are-hot-property,,,,,1.0,,,1.0,1.0,,,1.0,
/article/sun-sex-and-acid-thom-gunn-in-california,,1.0,,,,,,,,,,,
/article/sunday-shows-round-up-hancock-has-ultimately-made-the-right-judgement-brandon-lewis-says,,2.0,,,,,,1.0,,,,,1.0
/article/sunday-shows-round-up-the-bbc-s-reputation-has-been-compromised-,,,,,,,,,1.0,,,,
/article/sweden-covid-and-lockdown-a-look-at-the-data,,,,1.0,,,,,,,,,
/article/swedish-meatballs-a-taste-of-ikea-at-home,,1.0,,,,,,,,,,2.0,
/article/sweet-and-sour-barcelona-dreaming-by-rupert-thomson-reviewed,1.0,2.0,3.0,2.0,,,2.0,,2.0,,2.0,3.0,1.0
/article/sylvie-bermann-personifies-french-fury-over-brexit,,2.0,2.0,,,,,1.0,,,,,
/article/tacitus-and-the-hypocrisy-of-cancel-culture,1.0,1.0,,,1.0,,,1.0,,,2.0,,1.0
/article/taking-charge-its-time-to-buy-an-electric-car,,1.0,1.0,,,,1.0,1.0,2.0,2.0,,2.0,
/article/tala-halawa-and-the-progressive-media-s-anti-semitism-blindspot,,,,,1.0,,,,,,,,
/article/tales-from-my-private-jet,,,,,,,,,2.0,1.0,,,
/article/teaching-unions-shouldn-t-be-defining-transphobia-,,3.0,,,,1.0,,,,,,,
/article/tensions-escalate-between-eu-and-uk-over-northern-ireland-protocol,,,,,,,,,,,1.0,,
/article/the-abuse-i-and-my-fellow-commissioners-have-received-following-the-race-report-is-unsurprising,,,,,,,,,1.0,,,,
/article/the-ancient-greek-approach-to-mediation,,1.0,,,,,,,,,,,
/article/the-art-of-arancini,,,,,,,,,,,,1.0,
/article/the-art-of-dolly-parton-s-bra,1.0,3.0,1.0,1.0,,,,,6.0,3.0,1.0,2.0,1.0
/article/the-art-of-government-what-politicians-paintings-say-about-them,,,,,,,,,2.0,,,,
/article/the-art-of-negotiating-with-french-nurses,,,,,3.0,,,,,1.0,1.0,1.0,
/article/the-art-of-packing,1.0,,,,,,,,,,,,
/article/the-australian-trade-deal-is-about-more-than-just-trade,5.0,,1.0,1.0,3.0,1.0,,,1.0,,1.0,1.0,2.0
/article/the-bank-has-missed-the-chance-to-head-off-inflation,,1.0,,,1.0,,,3.0,,,,,1.0
/article/the-batley-and-spen-by-election-result-is-a-rejection-of-identity-politics,212.0,164.0,125.0,87.0,99.0,79.0,88.0,79.0,65.0,67.0,79.0,92.0,90.0
/article/the-batley-protestors-don-t-represent-me,,1.0,,,,,,,,,,,
/article/the-battle-for-britain-03-july-2021,1.0,2.0,,,,,,,,,3.0,,
/article/the-bbc-cannot-survive-many-more-scandals,1.0,,,,1.0,,,,1.0,,,,
/article/the-bbq-meat-box-our-pick-of-the-best-deliveries,,,,,,1.0,,,,,,,
/article/the-beauty-of-french-nurses,,,,,1.0,,,,,,,,
/article/the-beauty-of-the-ampersand-and-other-keyboard-symbols,,3.0,2.0,,,,,,,,,,
/article/the-best-american-bars-for-celebrating-independence-day,1.0,1.0,1.0,2.0,1.0,,3.0,1.0,3.0,,,2.0,
/article/the-best-food-podcasts,35.0,39.0,23.0,10.0,25.0,18.0,23.0,19.0,28.0,17.0,17.0,13.0,21.0
/article/the-best-podcasts-to-be-enjoyed-at-4-am,,,2.0,,1.0,,,,1.0,,2.0,,
/article/the-bizarre-art-of-scottie-wilson-deserves-to-be-better-known,,,,,,,,,1.0,,,,
/article/the-british-army-in-the-21st-century-under-scrutiny,,2.0,2.0,,,,,,,,,,
/article/the-british-shows-beloved-by-europeans,1.0,,1.0,1.0,1.0,,1.0,,3.0,,1.0,,1.0
/article/the-byrds-without-the-drugs-teenage-fanclubs-endless-arcade-reviewed,1.0,,,,1.0,,,,,,,,
/article/the-carnage-of-the-western-front-was-over-surprisingly-quickly,,3.0,,,,,,,,,,,
/article/the-case-against-reparations-for-slavery,,,,,,,,,,,1.0,,
/article/the-case-against-soldier-f,131.0,112.0,74.0,44.0,82.0,34.0,38.0,43.0,37.0,40.0,40.0,48.0,53.0
/article/the-case-for-a-domestic-abuse-register,1.0,,,,,,,,,,,,
/article/the-case-for-keeping-business-taxes-low,,,,,,,,,1.0,,,,
/article/the-church-of-england-s-new-religion,1.0,1.0,,1.0,1.0,,,,,,,,
/article/the-cliches-of-Israeli-tv-are-far-more-bearable-than-ours,2.0,2.0,,,,,1.0,,2.0,2.0,3.0,,
/article/the-cold-reality-facing-sajid-javid,2.0,8.0,,,,1.0,4.0,,,,,2.0,1.0
/article/the-coming-clash-between-boris-and-sturgeon-has-nothing-to-do-with-indyref-2,,5.0,,,,,,,,,,,
/article/the-concrete-truth-about-formica,,,,,1.0,,,,,,,,
/article/the-conservative-appeal-of-drug-gangs,,,,,,,1.0,,,,,,
/article/the-cost-of-delaying-freedom-day-,,,,,,,,1.0,,,,,
/article/the-court-judgement-that-confirms-women-pay-for-trans-rights,1031.0,934.0,670.0,593.0,586.0,443.0,491.0,339.0,343.0,299.0,380.0,434.0,502.0
/article/the-covid-battle-sajid-javid-still-has-to-face,2.0,1.0,1.0,,1.0,,,3.0,,,1.0,2.0,1.0
/article/the-covid-lab-leak-theory-is-looking-increasingly-plausible,,,,,,,,1.0,1.0,,,,1.0
/article/the-cult-of-xi-jinping,3.0,3.0,4.0,12.0,7.0,17.0,2.0,1.0,1.0,,1.0,3.0,1.0
/article/the-cummings-messages-aren-t-a-bombshell-revelation,9.0,10.0,12.0,8.0,5.0,4.0,7.0,4.0,3.0,1.0,7.0,4.0,6.0
/article/the-curious-case-of-kate-osborne-s-wikipedia,2.0,1.0,1.0,,3.0,,1.0,1.0,,,1.0,2.0,2.0
/article/the-curious-parable-of-dartington,,,,,,,1.0,,,,,,
/article/the-curse-of-surgical-stockings,,,,,3.0,,,,,1.0,,,
/article/the-dark-history-of-dance-marathons,,,,,,,,,1.0,,,,
/article/the-death-of-masculinity,2.0,1.0,1.0,2.0,,1.0,1.0,,1.0,,,2.0,1.0
/article/the-death-of-the-mainstream-band-black-country-new-road-reviewed,,,,,,,,,,1.0,,,
/article/the-decision-to-pardon-catalan-separatists-may-backfire,,,,,,,,,,,,,1.0
/article/the-defiance-of-the-ghetto-girls-who-resisted-the-nazis,,3.0,,,1.0,,,,,,1.0,,
/article/the-dictator-of-the-dorm-our-lady-of-the-nile-by-scholastique-mukasonga-reviewed,,3.0,,,,,,,,,,,
/article/the-difference-between-looking-and-seeing,,,,,,,,1.0,1.0,,,,
/article/the-difference-between-private-and-public-conversation,,,1.0,,,,,,,,,,
/article/the-difference-between-sliver-and-slither-is-a-piece-of-cake,1.0,,,,1.0,,,,,,,,
/article/the-difficulty-of-building-heaven-on-earth-why-utopias-usually-fail,,3.0,,,,,,,,,1.0,,
/article/the-dirty-truth-about-sleaze,,,,,1.0,,,,,,,,
/article/the-disinformation-war-continues-between-israel-and-hamas,,,,,1.0,,,,,1.0,,,
/article/the-dividing-wall-between-law-and-politics-is-under-attack,,,,,1.0,,,,,,,,
/article/the-dos-and-don-ts-of-building-an-extension,,,,,,,3.0,,,,,,
/article/the-dos-and-don-ts-of-flying-by-private-jet,,,1.0,6.0,,,1.0,,,,,,
/article/the-dos-and-don-ts-of-hosting-friends,1.0,,,,,,,,,,,,
/article/the-dying-art-of-sports-commentary,1.0,1.0,,,,,1.0,,14.0,4.0,3.0,,
/article/the-economic-illiteracy-of-anti-capitalists,3.0,2.0,2.0,7.0,2.0,,2.0,10.0,1.0,,,2.0,2.0
/article/the-ehrc-is-right-to-ditch-stonewall,1.0,,,,,,,,,,,,
/article/the-electoral-humiliation-of-macron-and-le-pen,2.0,2.0,5.0,12.0,10.0,3.0,13.0,5.0,2.0,,22.0,23.0,4.0
/article/the-enduring-appeal-of-friends,,,,,,,,,,,,3.0,
/article/the-era-of-bibi-is-over,2.0,,,,1.0,,,,,,,,
/article/the-eu-growing-culture-war-between-the-east-and-eest,3.0,2.0,1.0,1.0,5.0,,1.0,3.0,1.0,,2.0,3.0,1.0
/article/the-eu-needs-to-stop-playing-politics-with-law,,,,,1.0,,,,,,,,
/article/the-eu-s-debt-bondage-expansion,,1.0,,,1.0,,,1.0,,,,,
/article/the-eu-s-founder-should-be-a-saint-but-he-created-a-monster,3.0,7.0,1.0,9.0,3.0,,5.0,1.0,,,,,1.0
/article/the-eu-s-jab-snatching-legal-ruse-is-absurd,,,,,1.0,,,,,,,,
/article/the-eu-s-lowering-of-food-safety-standards-must-end-talk-of-alignment,6.0,3.0,1.0,3.0,4.0,1.0,1.0,2.0,,1.0,,,1.0
/article/the-eu-s-vaccine-grab-breaches-the-rule-of-law,,,,,1.0,,,,,,,,
/article/the-evolution-of-england-from-ragbag-kingdoms-to-a-centralised-state,,1.0,,,,,,,,,,,
/article/the-facts-about-race-and-education,,,,,,,1.0,,,,,,
/article/the-final-word-on-colin-the-caterpillar,,,,,,,,,,,,1.0,
/article/the-first-cambridge-spy-a-fine-madness-by-alan-judd-reviewed,,1.0,,,,,,,,,,,
/article/the-first-century-saint-who-went-viral,,,,,,,,,1.0,,,,
/article/the-foghorn-s-haunting-hoot-is-a-sad-loss,,2.0,,,,,,,,,,,
/article/the-gender-identity-issue-kathleen-stock-puts-her-head-above-the-parapet,1.0,1.0,,,,,,,,1.0,,,1.0
/article/the-genius-branding-of-the-oxford-vaccine,,,,1.0,,,,,1.0,1.0,,1.0,
/article/the-german-greens-are-floundering,1.0,,1.0,1.0,,,,,,,,,
/article/the-german-takeover-of-the-eu-is-accelerating,,,,,,,,,,1.0,1.0,,
/article/the-great-betrayal-of-ethel-rosenberg,1.0,2.0,,1.0,1.0,,1.0,,,,1.0,,1.0
/article/the-green-party-s-gender-intolerance-problem,1.0,,,,,,,,,,,,
/article/the-green-party-s-growing-contempt-for-women-s-rights,1.0,,,,,,,,,,,,
/article/the-growing-extremism-of-france-s-green-party,18.0,9.0,8.0,15.0,9.0,3.0,6.0,3.0,1.0,2.0,1.0,5.0,4.0
/article/the-healing-power-of-sweat,,,,,,,1.0,,,,,,
/article/the-hidden-cost-of-free-technology,,,,,,,,1.0,1.0,1.0,,1.0,
/article/the-hidden-death-toll-of-lockdown,,1.0,,,,1.0,,,,,,,
/article/the-high-and-low-life-of-john-craxton,,1.0,1.0,1.0,,,,,1.0,,,,
/article/the-home-life-of-shirley-jackson-queen-of-horror,,4.0,,,,,,,,,,,
/article/the-hottest-new-balearic-hotels-to-try-this-summer,1.0,,1.0,2.0,,,1.0,,,,,1.0,1.0
/article/the-house-mafia-the-scandal-of-new-builds,,,,,,,,2.0,,,,,
/article/the-hypocrisy-of-matt-hancock,3.0,1.0,,1.0,,,2.0,1.0,,,1.0,2.0,4.0
/article/the-insanity-of-britain-s-housing-market,,,,,,,,,,,,1.0,
/article/the-islanders-who-met-their-god-prince-philip,1.0,1.0,,1.0,,,,1.0,,1.0,,,
/article/the-jab-that-saved-countless-lives-300-years-ago,1.0,1.0,,,1.0,,,,,,,,
/article/the-joy-of-ironing,,,,,2.0,,,,,1.0,,,
/article/the-joy-of-radio-4-extra,,,,,1.0,,,,,,1.0,,
/article/the-joy-of-rehearsing,,,,,,1.0,,,,,,,
/article/the-joy-of-second-hand-books,,,,,,,,,1.0,,,,1.0
/article/the-joys-of-musical-comfort-food,,,1.0,,2.0,,,,1.0,11.0,4.0,,
/article/the-lesson-from-dominic-cummings,,,,,,,,,,,,1.0,
/article/the-lib-dems-are-utterly-lost,,1.0,1.0,,,,,,,,,,
/article/the-long-covid-time-bomb-an-interview-with-tim-spector,,,,,,,,1.0,,1.0,,,
/article/the-luxury-of-being-pro-lockdown,,,,,,,2.0,1.0,,,,,
/article/the-magnificent-fiasco-of-mies-van-der-rohe-s-farnsworth-house,,3.0,,,,,,,,,,,1.0
/article/the-making-of-a-monster-paul-kagame-s-bloodstained-past,,3.0,2.0,,,,,,,,,,
/article/the-many-failures-of-chinas-vaccine-programme,,,,,,,,,1.0,,,,
/article/the-mask-scandal-threatening-to-destroy-merkels-legacy,,,,,,1.0,,,,,,,
/article/the-music-at-the-heart-of-the-duke-s-funeral,1.0,1.0,,1.0,1.0,,,,,,,,
/article/the-myriad-signatures-of-a-canine-pissoir,,,,,2.0,,,,,,,,
/article/the-mysterious-world-of-pigeon-racing,,3.0,,,,,1.0,,,1.0,2.0,,1.0
/article/the-mystery-of-the-disappearing-dilyn-the-dog-story,,,,,,,,,,,,1.0,
/article/the-national-trust-delinquents-strike-again,1.0,,,,,,3.0,1.0,,,1.0,,
/article/the-new-covid-divide-one-rule-for-the-elite-another-for-the-rest-of-us,1.0,3.0,,,1.0,,,1.0,,,,2.0,
/article/the-new-leviathan-the-big-state-is-back,,,,,,,,,,,1.0,,
/article/the-nhs-needs-simon-stevens-to-stay,,2.0,,,,,,1.0,,,2.0,,1.0
/article/the-nicola-sturgeon-effect-on-house-prices,4.0,4.0,1.0,,2.0,2.0,1.0,2.0,2.0,,2.0,1.0,
/article/the-odd-couple-john-keats-and-f-scott-fitzgerald,,,1.0,,,,,,,,,,
/article/the-pandemics-transatlantic-divide-in-executive-salaries,,,,,,,,,1.0,,,,
/article/the-podcast-that-makes-the-world-strange-mysterious-and-compelling-again,,2.0,,1.0,,,,,,,1.0,,
/article/the-polarising-power-of-plague,3.0,5.0,,3.0,1.0,,,,1.0,,1.0,1.0,1.0
/article/the-political-baggage-of-moving-house,41.0,50.0,21.0,15.0,17.0,9.0,10.0,7.0,8.0,12.0,13.0,9.0,17.0
/article/the-political-battle-of-the-autumn,2.0,2.0,,,,1.0,,1.0,,,,1.0,
/article/the-politics-of-germany-s-stasi-archives,6.0,15.0,5.0,3.0,5.0,2.0,2.0,2.0,2.0,2.0,3.0,3.0,8.0
/article/the-price-labour-paid-for-victory-in-batley,270.0,177.0,148.0,137.0,172.0,191.0,103.0,72.0,69.0,74.0,132.0,83.0,83.0
/article/the-problem-of-the-benin-bronzes-will-never-go-away,,1.0,,,,,,,,,,,
/article/the-problem-with-brighton-s-summer-hordes,284.0,242.0,196.0,137.0,135.0,99.0,104.0,98.0,86.0,85.0,108.0,122.0,144.0
/article/the-problem-with-decolonising-shakespeare,,,,,,,1.0,,1.0,,,,
/article/the-problem-with-equitys-anti-racism-guidelines,,,,,,,1.0,,,,,,
/article/the-problem-with-just-another-four-weeks,,,,,,1.0,,,1.0,,,,1.0
/article/the-problem-with-palestine-s-showbiz-supporters,,,1.0,,,,,,,,,,
/article/the-problem-with-the-pride-flag,,,,,,,1.0,,,,,,
/article/the-promoter-the-critics-love-to-hate-interview-with-raymond-gubbay,,,2.0,,2.0,,,,1.0,,3.0,,
/article/the-protocol-may-be-boris-s-greatest-masterstroke,,1.0,1.0,,,,,,,,,,
/article/the-proustian-power-of-handwriting,1.0,2.0,,1.0,,,,1.0,,1.0,,,1.0
/article/the-question-hanging-over-gb-news,3.0,1.0,,,1.0,,1.0,,,,,,
/article/the-real-reason-putin-targeted-hms-defender,2.0,3.0,,,1.0,,,2.0,,,,,1.0
/article/the-remainer-dilemma-of-boris-vs-dom,,1.0,,,,,,,,,,1.0,
/article/the-rise-of-older-jockeys,,,,,,,,,1.0,,,,
/article/the-rise-of-the-pluto-meritocracy,,,,,,,1.0,,,,,,
/article/the-rise-of-the-retronym,,,,,,,,,1.0,,,,1.0
/article/the-road-to-firebombing-tokyo-was-paved-with-good-intentions,,3.0,,,,,,,,,1.0,,
/article/the-rolls-royce-boat-tail-has-brought-eccentricity-back-to-motoring,,,,,,,,,,,1.0,,
/article/the-royal-family-is-in-a-perilous-position,,,1.0,,,,,,,,,,
/article/the-royal-redemption-of-prince-andrew,,,,,,,,,,1.0,,,
/article/the-sad-demise-of-alan-partridge,,,,,,,,,,,,1.0,
/article/the-sausage-war-ceasefire-is-a-good-sign-for-uk-eu-relations,2.0,1.0,1.0,,1.0,,,1.0,,,3.0,2.0,1.0
/article/the-scandal-of-oxycontin-the-painkiller-that-caused-untold-pain,,3.0,,,,,,,,,1.0,,
/article/the-school-that-made-an-american-century,,,,,,,,,3.0,1.0,,,
/article/the-secret-to-making-mint-chocolate-chip-ice-cream,,,,1.0,,,,,,,,1.0,
/article/the-sermons-poked-out-of-the-songs-like-busted-bed-springs-van-morrison-livestream-reviewed,,,,,1.0,,,,,,,,
/article/the-sexploits-of-mariella-novotny,3.0,3.0,3.0,3.0,2.0,,2.0,,,1.0,2.0,1.0,3.0
/article/the-shamelessness-of-andy-burnham,,1.0,,,,,,,,,,,
/article/the-shifting-language-of-shame,,,,,1.0,,,,,,,,
/article/the-short-unhappy-life-of-ivor-gurney-wounded-gassed-and-driven-insane,342.0,267.0,228.0,151.0,156.0,121.0,128.0,124.0,93.0,95.0,120.0,142.0,153.0
/article/the-sinister-attacks-on-the-lgb-alliance,2.0,4.0,1.0,1.0,,,,,,,,,1.0
/article/the-snp-has-no-mandate-for-a-second-referendum,,,,,1.0,,,,,,,,
/article/the-snp-s-latest-separation-blueprint-is-pure-project-fantasy,,6.0,,,1.0,,,,,,,,
/article/the-snp-s-struggles-with-sectarianism,696.0,635.0,454.0,353.0,364.0,268.0,288.0,279.0,194.0,312.0,299.0,360.0,367.0
/article/the-social-tyranny-of-singing-happy-birthday,,,,,,,,1.0,2.0,1.0,,1.0,
/article/the-songs-are-still-as-fresh-and-appetising-as-a-hot-loaf-the-lightning-seeds-livestream-reviewed,,,,,,,,,,2.0,,,
/article/the-spectator-s-internship-scheme-for-2021-is-now-open,,,1.0,,1.0,1.0,,,,,,,
/article/the-stoics-would-have-had-little-sympathy-for-meghan,,,,1.0,,,,,,,,,
/article/the-strange-religiosity-of-covid-compliance,1.0,1.0,1.0,,,,1.0,1.0,,,1.0,2.0,2.0
/article/the-strange-theatre-of-mask-wearing,,,,,,,,,,,,,1.0
/article/the-strangeness-of-britains-blm-mania,1.0,1.0,,,,1.0,,,2.0,1.0,,,
/article/the-strangest-landscapes-are-close-to-home,4.0,6.0,3.0,3.0,,,3.0,,,1.0,1.0,1.0,
/article/the-strategy-behind-gareth-southgate-s-suits,,1.0,,,,,,1.0,,,1.0,,
/article/the-stuff-of-everyday-life-real-estate-by-deborah-levy-reviewed,,1.0,1.0,,,,,,,,,,
/article/the-stunning-literary-homes-for-sale-right-now-from-agatha-christie-to-evelyn-waugh,,,,,1.0,,1.0,,,,,1.0,
/article/the-sufferings-of-okinawa-continue-today-unheard,,3.0,2.0,,,,,,,,,,
/article/the-sumptuous-suffolk-estate-that-transports-you-to-tuscany,,1.0,,,,,,1.0,,,,,
/article/the-terror-of-seeing-my-dog-attacked,,,,,,,1.0,,,,,,
/article/the-third-wave-its-here-but-it-shouldnt-delay-our-reopening,19.0,12.0,6.0,4.0,1.0,4.0,2.0,1.0,1.0,4.0,3.0,4.0,
/article/the-tories-islam-and-the-importance-of-pluralism,,,,,1.0,,,,,,,,
/article/the-tories-overplayed-their-hand-in-batley-and-spen,33.0,15.0,14.0,18.0,16.0,6.0,7.0,7.0,4.0,4.0,11.0,11.0,11.0
/article/the-tories-risk-losing-their-voter-base,,,,,,,,,,,,,1.0
/article/the-tories-should-ignore-the-amersham-by-election,,,,,,,,1.0,,,,,
/article/the-tragedy-of-dominic-cummings,,,,,,,,,,,,1.0,
/article/the-tragic-plight-of-black-children-in-care,,,,,,,,,,,,,1.0
/article/the-triumph-of-bangladesh-s-first-transgender-news-presenter,,,,1.0,,1.0,,,,,,,
/article/the-troubling-history-of-mormonism,,,,,2.0,,,,,,,,
/article/the-true-cost-of-cheap-money-an-interview-with-andy-haldane,,,,,,,,1.0,,,,,
/article/the-true-cost-of-make-believe-money,1.0,,1.0,,,,,,,,,,
/article/the-true-cost-of-theatre-closures,1.0,,,,,1.0,,,1.0,,3.0,,
/article/the-trump-nightmare-isnt-over,,2.0,,,,,,,2.0,1.0,,1.0,
/article/the-truth-about-statues-and-the-law,,,,,1.0,,,,,,,,
/article/the-truth-about-the-government-and-herd-immunity,,,,,,,,,,,,1.0,
/article/the-twisted-logic-of-shamima-begum-s-defenders,,,,,,,,,,,1.0,,
/article/the-two-elites-squeezing-the-life-out-of-football,,,,,,,,,,,1.0,,
/article/the-tyranny-of-french-bureaucracy,,1.0,,,1.0,,,,,,,,
/article/the-uk-is-finally-clamping-down-on-hare-coursing-gangs,1.0,1.0,2.0,,,,,1.0,1.0,,1.0,2.0,1.0
/article/the-uk-s-very-american-political-realignment,,,,,,,,,,1.0,1.0,,
/article/the-uks-immigration-figures-are-a-fantasy,1.0,4.0,,,1.0,,8.0,2.0,,1.0,,1.0,1.0
/article/the-uncomfortable-truth-about-shonky,,,,,1.0,,,,,,,,
/article/the-unfairness-of-london-s-remainer-reputation,,1.0,,1.0,,,,,1.0,,,,1.0
/article/the-unsavoury-truth-about-american-sport,,,,,,,,,2.0,1.0,,,
/article/the-very-british-history-of-hp-sauce,,1.0,,,,,,,,,,,
/article/the-virus-threat-has-changed-now-test-and-trace-must-too,,2.0,,,1.0,,,,,1.0,,2.0,
/article/the-war-on-cars-is-backfiring,,,,,,,,2.0,,1.0,,,
/article/the-windswept-german-island-that-inspired-quantum-physics,,1.0,,,,,,,,,,,
/article/the-wine-that-links-thomas-jefferson-charles-II-and-samuel-pepys,,,,,,,,,,1.0,,,
/article/the-word-like-is-in-crisis,,,,,1.0,,,,,,,,
/article/the-word-mother-isnt-offensive-the-catholic-church-should-say-so,4.0,4.0,1.0,2.0,1.0,,,1.0,,2.0,1.0,,3.0
/article/the-worst-idea-ever-for-a-podcast-and-it-s-great-our-struggle-reviewed,,,2.0,,1.0,,,,1.0,,2.0,,
/article/the-wrath-of-nicola-sturgeon,1.0,1.0,,1.0,1.0,,,,,,,,
/article/this-film-deserves-all-the-awards-and-praise-nomadland-reviewed,,2.0,1.0,,,,,,,,1.0,,
/article/this-interactive-doctor-who-show-is-as-bombastic-fey-and-tedious-as-the-tv-series,,,2.0,,,,,,2.0,,4.0,1.0,1.0
/article/this-is-keir-starmer-s-chance-to-rescue-his-leadership,146.0,118.0,97.0,61.0,84.0,49.0,65.0,55.0,49.0,50.0,55.0,57.0,68.0
/article/this-is-my-house-has-rekindled-my-love-for-the-bbc,,,,,,,1.0,,3.0,,,,
/article/this-was-a-budget-for-the-end-of-the-covid-crisis,,,,,1.0,,,,,,,,
/article/this-was-a-horrible-pandemic-but-it-wasnt-the-big-one-michael-lewis-interviewed,,2.0,,1.0,,,,1.0,,1.0,,,1.0
/article/thoughtful-and-impeccable-ken-burnss-hemingway-reviewed,32.0,36.0,23.0,10.0,26.0,18.0,26.0,20.0,32.0,20.0,21.0,15.0,22.0
/article/three-questions-boris-must-answer-over-the-matt-hancock-affair,,2.0,1.0,,,,,1.0,1.0,,1.0,,1.0
/article/tim-davie-s-bbc-transformation-doesn-t-go-far-enough,,,,,,,,,1.0,,,,
/article/tom-jones-is-as-nuanced-a-vocalist-as-ian-paisley,,,,,1.0,,,,,1.0,,,
/article/tony-blair-and-the-perils-of-long-hair,,1.0,,,,,,,,,,,
/article/tories-clash-over-chinese-takeaway,,1.0,,,1.0,,,1.0,,,,,1.0
/article/tory-mps-attack-gareth-southgate-over-taking-the-knee-,1.0,,,,,,,,,,,,
/article/trans-offenders-are-skewing-crime-statistics,1.0,5.0,,,,,,,,,,,
/article/travel-podcasts-to-fuel-your-wanderlust,,,,,,,,,,,1.0,,
/article/triumph-of-the-taleban-the-unfolding-disaster-in-afghanistan,1.0,1.0,,1.0,1.0,,1.0,,,,,,
/article/tucci-and-firth-are-like-eric-and-ernie-but-sexier-supernova-reviewed,2.0,1.0,2.0,,1.0,,,,1.0,,2.0,,1.0
/article/two-for-the-road-we-are-not-in-the-world-by-conor-o-callaghan-reviewed,,,1.0,,,,,,,,,,
/article/two-hours-of-kitsch-tomfoolery-amelie-at-the-criterion-reviewed,,1.0,2.0,,,,1.0,,1.0,,1.0,,1.0
/article/two-of-a-kind-monica-jones-proved-philip-larkin-s-equal-for-racism-and-misogyny,1.0,2.0,1.0,1.0,1.0,,,1.0,1.0,,,1.0,
/article/tyhe-agony-of-watching-friends-succeed,1.0,,,,,,,1.0,,,,,
/article/unmissable-excuses-to-dress-up,,,2.0,,,,,,,,,,
/article/vaccines-are-out-sex-is-in-the-rules-for-post-lockdown-conversation,,,,,2.0,,,,2.0,,,,
/article/vanilla-ice-a-no-bake-treat-made-for-the-heat,1.0,1.0,,,,,1.0,,,,,1.0,1.0
/article/video-calls-are-the-new-penny-post,,,,,,,,1.0,1.0,1.0,,1.0,
/article/viktor-orb-n-goes-to-war-on-the-european-parliament,1.0,,,1.0,2.0,,,,,,,,1.0
/article/virgil-understood-the-great-power-of-nature,1.0,,,,,,,,,,,,
/article/waiting-for-g-del-is-over-the-reclusive-genius-emerges-from-the-shadows,,3.0,,,,,1.0,,,,1.0,,
/article/wally-funk-on-space-sexism-and-riding-alligators,27.0,31.0,22.0,10.0,24.0,17.0,16.0,16.0,22.0,10.0,14.0,12.0,21.0
/article/want-to-see-your-friends-call-it-a-protest,1.0,,,1.0,,,,,,,,,
/article/was-deliveroo-the-most-embarrassing-flop-in-city-history-,,,,,,,,,1.0,,,,
/article/was-matt-hancock-guilty-of-negligence-,,,,,,,,,,,,1.0,
/article/was-this-the-bbc-s-emily-thornberry-moment-,,,,,,,,,1.0,,,,
/article/watch-dame-set-match-wimbledon-applauds-oxford-jab-creator,,1.0,,,1.0,,,1.0,,,,,1.0
/article/watch-george-galloway-hits-out-at-batley-result,29.0,17.0,14.0,21.0,20.0,5.0,8.0,6.0,3.0,8.0,11.0,10.0,10.0
/article/watch-gove-quotes-ralph-waldo-emerson-at-dispatch-box,1.0,,,1.0,,,,,,,,,1.0
/article/watch-kids-go-giddy-in-niamey-mdou-moctar-live-in-niger-reviewed,,,,,1.0,,,,,1.0,,,
/article/watch-matt-hancock-s-resignation-video,1.0,1.0,,,1.0,1.0,,1.0,,,,,1.0
/article/watch-simon-mccoy-s-greatest-hits,,,,,,,,,1.0,,,,
/article/watch-the-bbc-put-bill-clinton-in-prison,14.0,7.0,6.0,9.0,9.0,1.0,6.0,2.0,2.0,4.0,5.0,4.0,4.0
/article/watch-tory-mp-savages-rotten-bbc,,,,,,,,,1.0,,,,
/article/water-water-everywhere-touring-the-land-of-the-dead-by-maki-kashimada-reviewed,,1.0,,,,,,,,,,,
/article/we-don-t-have-to-swap-sovereignty-for-trade,,,,,,,,1.0,,,,,
/article/we-don-t-need-a-new-law-against-conversion-therapy-,2.0,1.0,,1.0,1.0,,,,,,,,
/article/we-lumas-have-the-weight-of-the-world-on-our-shoulders,,,,,,,1.0,,1.0,,,,
/article/we-need-voltaire-more-than-ever,,,,,,,,,2.0,1.0,,,
/article/we-shouldn-t-be-so-squeamish-about-eating-foie-gras,,1.0,,,,,,,,,,,
/article/we-ve-embraced-william-blake-without-having-any-idea-of-what-he-was-on-about,,2.0,3.0,2.0,,,2.0,,,,1.0,,
/article/welcome-to-the-impasse-ronsin-the-artists-colony-to-beat-them-all,31.0,38.0,24.0,11.0,26.0,18.0,21.0,18.0,29.0,17.0,17.0,11.0,20.0
/article/westminster-must-stop-sturgeon-s-separatist-empire-building,,1.0,,,1.0,,,,,,1.0,,
/article/weve-become-a-nation-of-armchair-psychiatrists,1.0,,,,,,,1.0,,,,,
/article/what-can-the-uk-learn-from-israel-on-ending-lockdown-,1.0,,1.0,,2.0,,,,,,,,1.0
/article/what-cricket-will-look-like-in-50-years,,,,1.0,,,,,,,,,
/article/what-dawn-butler-gets-wrong-about-stonewall,1.0,3.0,,1.0,,,,,1.0,,1.0,,1.0
/article/what-do-extinction-rebellion-have-against-a-free-press-,2.0,1.0,1.0,,,,1.0,1.0,,,,,2.0
/article/what-does-it-really-mean-to-feel-english-,,3.0,,,,,1.0,,,1.0,,,
/article/what-does-sajid-javid-s-appointment-mean-for-covid-restrictions-,,1.0,,,,,,1.0,,,,,1.0
/article/what-does-starmer-actually-stand-for-,5.0,2.0,3.0,1.0,1.0,1.0,1.0,3.0,2.0,1.0,1.0,3.0,2.0
/article/what-does-the-latest-dom-bomb-mean-for-matt-hancock-,,,,,,,,,,,,1.0,
/article/what-does-your-wedding-reading-say-about-you,,,,,,,,,1.0,,,,
/article/what-dominic-cummings-could-learn-from-xenophon,,,1.0,,1.0,,,,,,,1.0,
/article/what-happened-when-the-trans-mob-came-for-robert-webb-,,2.0,1.0,,,,1.0,,,,,,
/article/what-happens-next-gauging-the-fallout-from-the-pandemic,,3.0,,,,,,,,,1.0,,
/article/what-is-michael-gove-up-to-in-israel-,1.0,,1.0,1.0,,,,,,,,,1.0
/article/what-makes-a-pasty-cornish,,2.0,,,,,,,,,,1.0,
/article/what-meghan-markle-can-learn-from-enid-blyton,,,1.0,,,,1.0,,,,,,
/article/what-merkel-s-visit-means-for-brexit-britain,529.0,642.0,267.0,196.0,211.0,177.0,155.0,194.0,183.0,130.0,163.0,243.0,465.0
/article/what-ordinary-motorists-can-learn-from-the-formula-e-catastrophe-,1.0,,,,,,,1.0,1.0,1.0,,1.0,
/article/what-s-the-cause-of-sweden-s-surge-in-gun-crime-,1.0,4.0,,1.0,1.0,,,2.0,,,,,2.0
/article/what-s-the-problem-ladies-and-gentleman-,1.0,,,,,,1.0,,,,,,
/article/what-s-the-real-reason-israel-s-vaccines-were-rejected-by-palestinians-,,,,,,,,,,1.0,,,
/article/what-s-the-real-reason-so-many-people-hate-israel-,,,,,,,,,,,1.0,,
/article/what-sci-fi-novels-can-teach-us-about-uncertainty,1.0,1.0,,1.0,,,,,1.0,,,1.0,3.0
/article/what-should-we-put-in-our-time-capsule-of-the-plague-year,,,1.0,,,,,,,,1.0,,
/article/what-swedens-rising-star-reveals-about-europes-new-political-reality,,1.0,,,,,,,,,,,
/article/what-the-covid-contract-ruling-against-the-government-really-means,,,,,1.0,,,,,,,1.0,
/article/what-the-demise-of-quilliam-teaches-us-about-britain-and-Islam,1.0,,,1.0,,,,,,,,,
/article/what-the-england-team-doesn-t-get-about-taking-the-knee-,,,,,,,,,,,1.0,,
/article/what-the-eu-could-learn-from-the-athenian-empire,,1.0,,,,,1.0,,,,,,
/article/what-the-fight-against-hiv-can-teach-us-about-defeating-covid-19,,,,,,,,,,1.0,,,
/article/what-the-oprah-interview-means-for-the-monarchy,,,1.0,,,,,,,,,,
/article/what-to-eat-while-watching-wimbledon,1.0,,1.0,2.0,,,1.0,,,,,1.0,1.0
/article/what-we-can-learn-from-the-90s-teen-movie,,1.0,,,,,,,,,,,
/article/what-went-wrong-for-the-tories-in-batley-and-spen-,237.0,203.0,154.0,102.0,131.0,102.0,137.0,84.0,77.0,76.0,90.0,92.0,108.0
/article/what-will-cummings-say-,,,,,,,,,,,,1.0,
/article/what-will-it-take-to-tackle-long-covid-,2.0,1.0,1.0,,,2.0,4.0,,3.0,1.0,,,
/article/what-will-life-look-like-on-19-july-,3.0,1.0,4.0,1.0,2.0,,1.0,1.0,2.0,,1.0,4.0,
/article/what-would-sensitivity-readers-have-made-of-my-student-scoops,,1.0,,2.0,,,2.0,1.0,,,,,
/article/whats-so-great-about-super,,,,,1.0,,,,,,,,
/article/when-exactly-did-harpsichords-become-racist,1.0,4.0,,2.0,1.0,,,,,,,,1.0
/article/when-feminists-fight-back,,,,,,,,,,,,,2.0
/article/when-will-stonehenge-s-lockdown-end-,,,1.0,2.0,,,2.0,,1.0,,,,1.0
/article/where-cummings-s-evidence-leaves-the-cabinet,,,,,,,,,,,,1.0,
/article/where-did-alex-salmonds-alba-party-get-its-name-from,,,,,1.0,,,,,,,,
/article/where-to-find-value-in-surrey,,,,,,,2.0,,,,,,
/article/where-to-have-a-british-honeymoon,29.0,33.0,23.0,11.0,22.0,18.0,15.0,16.0,21.0,10.0,13.0,11.0,21.0
/article/which-london-suburbs-are-worth-buying-in-,,,,,,,1.0,,,,,,
/article/whiny-polite-and-beautiful-kings-of-conveniences-peace-or-love-reviewed,43.0,47.0,37.0,16.0,31.0,22.0,28.0,23.0,32.0,23.0,24.0,17.0,26.0
/article/who-cares-who-runs-the-railways-we-just-want-them-to-run-on-time,,,,,,,,,1.0,,,,
/article/who-is-more-upset-about-labour-s-results-starmer-or-the-bbc-,1.0,,,,,,,,1.0,,,,
/article/who-s-really-to-blame-for-the-post-office-scandal-,,,,,,,,,1.0,,,,
/article/who-was-to-blame-for-the-death-of-jesus-,,1.0,,,,,,,,,,,
/article/who-will-save-parliament-s-choir-,,,,,,,,,,,,,1.0
/article/why-I-dont-regret-leaving-the-bbc,,,,,,,,,1.0,,,,
/article/why-a-covid-inquiry-announcement-could-prove-useful-for-boris,,,,,,,,,,,,1.0,
/article/why-an-eu-russia-policy-was-always-going-to-fail,1.0,7.0,1.0,2.0,2.0,,,2.0,,,,,2.0
/article/why-are-gps-still-not-seeing-patients-in-person,,,,1.0,,,,,,,,,
/article/why-are-london-police-telling-women-to-stay-at-home-,1.0,,,,,,,,,,,,1.0
/article/why-are-the-lib-dems-siding-with-france-in-the-jersey-crisis-,,1.0,,,,,,,,,,,
/article/why-beijing-doesn-t-think-the-eu-investment-deal-is-dead,,,,,,,,,1.0,,,,
/article/why-boris-is-loved-by-the-french,,,,,,,,,,,1.0,2.0,
/article/why-chinese-women-dont-want-more-children,,,,,,,,,1.0,,,,
/article/why-did-hitler-s-imperial-dreams-take-stalin-by-surprise-,,1.0,,,,,,,,,,,
/article/why-did-i-pay-9-000-for-roy-greenslade-to-lecture-me-on-media-ethics-,,,,,,,,,,,1.0,,
/article/why-did-no-one-diagnose-my-sister-s-tb-,,4.0,,,,,,,,,1.0,,
/article/why-did-scotland-reverse-their-decision-to-take-the-knee-,1.0,,2.0,,,,,,,,1.0,,
/article/why-do-footballers-equate-health-with-virtue-,,2.0,1.0,,9.0,1.0,1.0,,1.0,2.0,3.0,,1.0
/article/why-do-parts-of-britain-erupt-whenever-israel-defends-itself-,1.0,2.0,,1.0,1.0,,,,,,,,1.0
/article/why-does-ben-jerry-s-want-to-defund-the-police-,,,,,,,,,1.0,1.0,,,
/article/why-everyone-with-money-to-lose-seems-to-want-an-old-land-rover,1.0,1.0,,,,1.0,,,,,1.0,,
/article/why-food-in-britain-is-so-much-better-than-in-france,1.0,,,,,,,,,,,,1.0
/article/why-has-the-tate-cancelled-its-own-restaurant-,,,,,,,1.0,,,,,,
/article/why-i-m-investing-in-sheep,,2.0,,,,,,,,,,,
/article/why-i-regret-buying-an-electric-car,,1.0,,,,,,,,,,,
/article/why-i-spoilt-my-ballot-paper,1.0,,,,,,,,,,,,
/article/why-i-was-so-wrong-about-the-lib-dems,,1.0,1.0,,,,,,,,,,
/article/why-i-wont-buy-a-tesla,,4.0,2.0,1.0,1.0,3.0,11.0,4.0,128.0,59.0,33.0,2.0,2.0
/article/why-i-wont-invest-in-deliveroo,,,,,,,,,1.0,,,,
/article/why-im-glad-to-see-the-back-of-call-my-agent!,,,,,,,,,1.0,,,,
/article/why-is-a-jewish-lecturer-being-investigated-for-mocking-corbyn-,,,,,1.0,,,,,,,,
/article/why-is-macron-feigning-outrage-at-the-danish-spying-scandal-,1.0,,,,,1.0,,,,,,,
/article/why-is-modern-architecture-so-ugly,,,,,,,,,,,1.0,1.0,1.0
/article/why-is-new-zealand-afraid-of-criticising-china-,1.0,,1.0,,,1.0,,,1.0,1.0,,,2.0
/article/why-is-the-un-s-racism-report-so-in-thrall-to-america-,1.0,1.0,2.0,2.0,,,,1.0,1.0,,1.0,2.0,1.0
/article/why-labour-should-stick-with-starmer-even-if-he-loses-batley,,1.0,1.0,,,1.0,1.0,2.0,,,,1.0,1.0
/article/why-matt-hancock-had-to-go,1.0,2.0,,1.0,,1.0,,1.0,,,,,1.0
/article/why-merkel-s-party-is-backing-a-political-lightweight-to-replace-her,,,,1.0,,,,,,,,,
/article/why-mick-jagger-is-an-insult-to-rock,,,,,,,,,5.0,1.0,,,
/article/why-muslims-like-me-are-worried-about-the-batley-protests,1.0,,,,,,,,,,,,
/article/why-night-clubbing-in-new-york-is-a-risky-business,,,,,,,,,5.0,1.0,,,
/article/why-our-constituency-names-should-celebrate-britain-s-history,2.0,,,,1.0,,,,,,,,
/article/why-pontins-thinks-im-an-undesirable-guest,,,1.0,,,,1.0,,,,,,
/article/why-private-equity-sharks-are-shopping-at-morrisons,,2.0,,,1.0,,,2.0,3.0,,,,1.0
/article/why-rishi-sunak-should-keep-the-universal-credit-uplift,2.0,,,,1.0,,,,1.0,,,,
/article/why-sanctions-against-putin-and-his-allies-dont-work,2.0,3.0,3.0,1.0,,,1.0,,,,1.0,,
/article/why-should-art-have-ever-been-considered-a-male-preserve-,,1.0,,,,,,,1.0,,,,
/article/why-should-dr-christian-jessen-s-fans-pay-his-legal-bill-,,,,,,,,,1.0,,,,
/article/why-should-it-fall-to-the-binmen-to-stick-up-for-the-batley-grammar-teacher-,,,,,,,,,,,1.0,,
/article/why-the-bbc-believed-martin-bashir,,1.0,1.0,,1.0,,,,1.0,,,,3.0
/article/why-the-british-should-eat-more-oysters,6.0,3.0,,1.0,,2.0,,,,1.0,,2.0,3.0
/article/why-the-chinese-communist-party-fears-its-bloody-history,639.0,697.0,768.0,463.0,561.0,484.0,462.0,364.0,419.0,441.0,479.0,387.0,599.0
/article/why-the-cummings-row-won-t-harm-boris,,,,,,,,,,,,1.0,
/article/why-the-far-right-flourishes-in-east-germany,1.0,1.0,1.0,1.0,,,,,,,,,1.0
/article/why-the-lib-dems-could-soon-cause-problems-for-boris,,1.0,,,,,,,,,,,
/article/why-the-queen-and-prince-philip-loved-malta,1.0,,1.0,2.0,,,1.0,,2.0,,,,
/article/why-the-tories-mustn-t-give-in-to-the-nimbys,,,1.0,,,,,,,1.0,1.0,,
/article/why-the-unite-election-matters,,1.0,1.0,2.0,,1.0,1.0,1.0,,,,,1.0
/article/why-the-vaccines-should-prevent-a-deadly-third-wave,1.0,,,,,,,,1.0,,,,
/article/why-this-g7-summit-matters-more-than-most,,1.0,,,,,,,,,,,
/article/why-warwick-s-covid-modelling-doesn-t-add-up,,,,,,,1.0,,2.0,1.0,,,
/article/why-we-dont-always-say-what-we-see,11.0,10.0,2.0,6.0,2.0,1.0,2.0,3.0,,,,3.0,1.0
/article/why-were-my-colleagues-murdered-,,,,,,,,,,,,,1.0
/article/will-cummings-s-accusations-damage-boris-johnson-,,,,,,,,,,,,1.0,
/article/will-hancock-resign-,,1.0,,,,,,1.0,1.0,,,,1.0
/article/will-house-prices-continue-to-rise-,,,,,,,,,,,,1.0,
/article/will-javid-scrap-hanock-s-nhs-reforms-,,2.0,,,1.0,,,1.0,,,,,1.0
/article/will-johnson-s-law-explain-why-people-won-t-work-from-home-,,,1.0,,1.0,1.0,,,,1.0,1.0,1.0,
/article/will-s-world-shakespeare-as-the-man-in-the-crowd,,1.0,,,,,,,,,,,
/article/will-the-g7-tax-deal-survive-,,,,,,,,,1.0,,,,
/article/will-the-new-breed-of-retail-investors-cash-in-or-crash-out,,,,,,,,,1.0,,,,
/article/will-the-third-wave-stop-our-economic-recovery-,,,,,,,,1.0,,,,,
/article/william-has-revealed-the-princes-pain,,,1.0,,,,,,,,,,
/article/winding-down-furlough-will-reveal-the-post-pandemic-economy,18.0,7.0,8.0,11.0,11.0,2.0,6.0,4.0,4.0,4.0,3.0,7.0,4.0
/article/wispy-gauzy-beauty-this-is-the-kit-barbican-reviewed,,,1.0,,,,1.0,,,,,,
/article/women-of-the-streets-hot-stew-by-fiona-mozley-reviewed,,,1.0,,,,,,,,,,
/article/working-remotely-five-formidable-female-anthropologists,,4.0,,,,,,,,,,,
/article/world-class-music-heavily-symbolic-staging-glyndebournes-katya-kabanova-reviewed,,,,,1.0,,,,,,,,
/article/wow-this-is-good-grange-park-operas-ivan-the-terrible-reviewed,30.0,33.0,24.0,10.0,25.0,19.0,23.0,19.0,25.0,15.0,18.0,10.0,20.0
/article/youll-shrug-where-you-should-marvel-garsingtons-amadigi-reviewed,31.0,35.0,23.0,10.0,25.0,18.0,22.0,19.0,28.0,17.0,19.0,13.0,21.0
/article/yours-for-66-an-official-government-flagpole,,,,,1.0,,,,,,,,
/article/yuri-gagarin-poster-boy-of-manned-space-flight,,4.0,,,,,,,,,,,
